id	program	function_entry	evidence_instruction	static_fact	remaining_boundary	runtime_verified	product_capability
parent-boundary-012-01	MACore.arm64	0x0009afd4	0x9b018	Equality of native opt_class return values for incoming self and static MAParameterMapping class reaches imported exception raise; inequality skips that call.	No native raise behavior or actual class identity observed.	false	false
parent-boundary-012-02	MACore.arm64	0x0009afd4	0x9b090	Nil super-initializer result skips every decoder call and returns nil after coder release.	Effective super dispatch/native initialization unknown.	false	false
parent-boundary-012-03	MACore.arm64	0x0009afd4	0x9b0e4	Nonzero contains w0 chooses range-mode long key; zero chooses flipped Bool key then zero-extends returned w0.	Native missing-key/type/failure behavior and bool normalization unknown.	false	false
parent-boundary-012-04	MACore.arm64	0x0009afd4	0x9b130	With decoded mode zero, signed low>high and high!=-1 sets mode1 and swaps the two range qwords.	No validity or semantic interpretation of ranges or -1.	false	false
parent-boundary-012-05	MACore.arm64	0x0009afd4	0x9b1c8	Class-set arguments originate from opt_class NSArray and MAGraphPoint class returns; graph class return and terminator zero placed on stack.	Actual set contents and accepted decoded classes unknown.	false	false
parent-boundary-012-06	MACore.arm64	0x0009afd4	0x9b2bc	Legacy key presence takes priority, sets legacy flag offset40 and writes long offset48; this branch has no saved-double write.	Untouched-field initialization and later long-to-double conversion unknown.	false	false
parent-boundary-012-07	MACore.arm64	0x0009afd4	0x9b304	After legacy absence, double presence selects double; absence selects float widening even without a contains check for float.	Missing float-key default/result unknown.	false	false
parent-boundary-012-08	MACore.arm64	0x0009afd4	0x9b334	Double branch tests bit0 of contains result for new-type key; clear bit forces isNewSavedValueType to1.	Presence and truth value of the separately decoded new-type field must not be conflated.	false	false
parent-boundary-012-09	MACore.arm64	0x0009afd4	0x9b370	hasSavedValue is decoded after all numeric branches; it does not gate them.	No caller archive success or restored value proof.	false	false
parent-boundary-012-10	MACore.arm64	0x0009afd4	0x9b3d0	STR w0 retains only lower32 bits of decoded integer in declared signed32 ginst field.	No local overflow/range check or public-ID equivalence.	false	false
parent-boundary-012-11	MACore.arm64	0x0009afd4	0x9b424	Decoded smart-map Bool result forwarded to dynamic setter.	Setter body unqueried.	false	false
parent-boundary-012-12	MACore.arm64	0x0009a710	0x9a734	MAMapping initializer selects super init using incoming self/current MAMapping class, returns native result; body never reads coder.	Effective NSObject/category dispatch and init result unknown.	false	false
parent-boundary-012-13	MACore.arm64	0x0009bf38	0x9bf40	MACore selected getter loads w0 from declared signed32 ginst ivar offset76.	No explicit 64bit sign extension in this getter body.	false	false
parent-boundary-012-14	Logic.arm64	0x013f622c	0x13f622c	LogicNull selected getter contains MOV w0,#0; RET, with no self/ivar read.	Definition only; actual loaded-category selection and live destination unobserved.	false	false
