scope	function	field_or_target	condition	observed_effect	return_contract	identity_limit	evidence_anchors	runtime_verified	product_capability
root_registry	0x00574164	registry 0x026323b8 stride0x78	one-time guard0x02633b28	construct50slots; first qword label pointer; +8 selector; +0x10 CFileRef; selector1 slot0 User; selector2 slot3 App Presets; slot7 label0 sentinel	guard separate from state0x026323a0	static construction not runtime cache snapshot or public namespace ID	0x005741c4;0x00574224;0x00574294	false	false
root1_source	0x005745c0	selector1 cached CFileRef	registry rebuild visits entry key1	URLForDirectory directory18/domain1/create0; append Audio Music Apps path; CFileUtilCreateDir mode0x1ed; finalIsFolder gates cachecopy	directory-create return ignored; actual creation not tested	user Music-directory URL source; concrete path/trailing slash/lifetime unresolved	0x005747e8;0x005747fc;0x00574acc;0x01d5fbe0	false	false
root2_source	0x005745c0	selector2 cached CFileRef	nonempty additionalContentRootFolderOrDevLibraryBundleFolder	useNewLibraryStructure bit0 set direct; clear append Application Support then fileURLWithPath; initializer cachecopy without finalIsFolder gate	current preference and empty-path default reference state unaudited	preference path not stable target ID; root2 lookup can rebuild all entries	0x0233ec68;0x01d5fba0;0x00574670	false	false
root_lookup	0x00575150	destination CFileRef and numeric selector1/2	Invalidate and registry setup precede matching entrycopy	copy entry+0x10 then IsFolder; on miss selectors1/2 bypass switch7..36	low32 0 for nonzeroIsFolder else0xffffff88; error can follow destinationcopy	failure not unchanged-state proof; byte-prefix invariants still unresolved	0x00575188;0x0057518c;0x005751c4;0x0057526c;0x00575288	false	false
utf8_copy	MACore:0x0005cdb4	filename child+0x22 and directory label child+0x62	bounded caller positive capacity63/64 and nonnull inputs	inferred1/2/3/4byte units copied only when payload fits; destination[N-1]=NUL; filename max62bytes label max63bytes	returns destination pointer not length/status; caller ignores	byte bounds not character count; arbitrary malformed pointer and zero-capacity safety not established	MACore:0x0005ce44;MACore:0x0005ce84;MACore:0x0005ce88;0x0022cca0;0x017b1b54	false	false
utf8_repair	MACore:0x0005d2b4	mutable NUL-terminated byte pattern	invalid or incomplete leader/continuation sequence	writeNUL at invalid sequence start; only shortens; no replacement or expansion	w0 0 if shortened and1 if unchanged; caller ignores	no E0/ED/F0/F4 second-byte constraints; not full Unicode scalar validation	MACore:0x0005d354;MACore:0x0005d358;MACore:0x0005d360;MACore:0x0005d370	false	false
wrapper_dispatch	0x01b21660;0x0162cb10	createFileWrapperForTracks:inSeqID:finishedErasePhase:patchURL:	selector slot0x0254a150 points0x01e791f0	ABI x2 local list address/x3 container/x4 outbyte pointer/x5 patch URL	lower constructor/helper can return nil or throw; no success gate	conditional related IDs and root filtering; not exact input or complete project coverage	0x01b21660;0x0254a150;0x01e791f0;0x0162cb30;0x0162cb48	false	false
wrapper_model_byte	0x0162cb10	record+0x12	eligible current and following record level/type branches	store next record+0x12 byte into current record+0x12	no backup/restore of this byte in inspected wrapper body/gap	field UI meaning and transitive restoration unresolved	0x0162cd94	false	false
erase_phase	0x0162cb10	outbyte and ID mode2 dictionaries	nonnull outpointer and existing bit0 clear	getter01a18ae8; UUID removal in mutablecopy then setter0022ce34; outbyte1 even if no UUID; changed branch throws8byteexception	outbyte not wrapper/save success; getter/setter bodies unread	no durable UUID removal/rollback proof	0x0162cf64;0x0162d0e4;0x0162d140;0x0162d15c;0x0162d424;0x02329f60	false	false
catch_retry	0x016328b4	selected-exporter landing pad	incoming saved filterw26 equals1	begin/end_catch then branch01632930; retry skips flag initialization016328fc	LSDA/type/call-site mapping and retry count bound unresolved	retry branch confirmed; specific UUID throw reaching it not established	0x01632e24;0x01632e30;0x01632e34;0x01632e58;0x01632930	false	false
exception_unwind	0x0162cb10;0x016328b4	wrapper gap and selected filter!=1 tail	landing-pad cleanup branches	local objects/trees/lists cleanup; wrapper and selected tails call Unwind_Resume	no false status or retry in inspected selected non1 tail; lower cleanup bodies unread	cleanup not model/UUID restore or whole rollback guarantee	0x0162d574;0x01632ee8;0x01632eec;0x01632efc;0x01632f04	false	false
child_index	0x002c048c	child+2	resolved ID eligible child and matching old cell	oldcellclear; child+2=lower16(inputIndex+rawDelta); reattach; captured loadingblock call	guard failures exit; no caller-tested status	input slot arithmetic not oldindex increment or stable track identity	0x002c0534;0x002c0538;0x002c053c;0x002c0548	false	false
temporary_index_ranges	0x002bfdb0	pre/post index shifts	normal exporter path	pre inputs2..15 delta-2 count14; post14..0 delta+2 count15	no exception-restoration guarantee; arrays/counts change between calls	differing ranges not simple symmetric inverse	0x002c0204;0x002c0318;0x002bffac;0x002c00d4	false	false
count_recalculation	0x01a18254	container bytes/shorts and pointer vector	mapped type may stop scans; vector update when songnonnull	16bytes container+0x93;16shorts parent+0x4a;16shorts container+0x6a; zeroappend/realloc/shrink vector	direct stores/resize; lower helpers unaudited	internal count/vector not complete scan or public identity	0x01a183ac;0x01a1847c;0x01a18480;0x01a186a0;0x01a187e0	false	false
owner_boundary	0x00196c5c;0x00e65454;0x00e65464;0x010a44a0;0x010a4844	song+0x7c0 owner and counters/mutex/notification	mask and depth/global-pointer conditions	attach16byteowner; +0x678 nesting; non-symmetric+0x640; outer mutex lock/unlock; conditional SongMemoryDidChange post	no lock/delivery status proof; counter stores precede lock	no Undo/atomic commit/balanced exception scope/model-file restoration guarantee	0x00196fb8;0x010a4544;0x010a49e8;0x010a4a1c;0x02348f48	false	false
