xml_path	kind	name	literal_cfstring	producer	call_anchor	input_source	inclusion_condition	semantic_limit	observation_status	runtime_verified	product_capability
Patch	element	Patch	0x024144a8|0x024144c8	0x017b0308	0x017b0518	literal string wrapper	generator returns non-nil content	string wrapper; not a confirmed reimport schema	static_observed	false	false
Patch/Channels	element	Channels	0x024144a8|0x024144c8	0x017b0308	0x017b0518	literal string wrapper	generator returns non-nil content	channel coverage unresolved	static_observed	false	false
Patch/Channels/Channel	element	Channel	0x02348688	0x0154d0f8	0x0154d284	MA_channelWithName:type:mode:filename:	Channel factory invoked	internal channel object is not a stable public track entity	static_observed	false	false
Patch/Channels/Channel	attribute	name	0x0233aee8	0x0154d0f8	0x0154d18c	x2; caller name NSString; fallback object+0x73 C string encoding0x1e	NSString.length!=0	UI name and identity lifetime not verified	static_observed	false	false
Patch/Channels/Channel	attribute	type	0x0234d3e8	0x0154d0f8	0x0154d1cc	x3; uint16((object.type&~8)-0x40): AudioTrack/Other/Aux/Instrument/Output/Bus/Master; fallback Other	NSString.length!=0	classification label; not public entity type	static_observed	false	false
Patch/Channels/Channel	attribute	mode	0x02394868	0x0154d0f8	0x0154d20c	x4; object byte+0x89: Mono/Stereo/Left/Right/Surround; fallback empty	NSString.length!=0	distinct from Plugin.outputFormat table	static_observed	false	false
Patch/Channels/Channel	attribute	filename	0x02396c68	0x0154d0f8	0x0154d24c	x5; empty CFString from0x0154d8fc	factory supports nonempty string; omitted by observed node caller	no filename emitted by this caller	static_observed	false	false
Patch/Channels/Channel/Plugins	element	Plugins	0x023fe588	0x0154d330	0x0154d348	combined non-null Plugin children from two groups	caller array.count!=0 at0x0154db20	full plugin coverage unresolved	static_observed	false	false
Patch/Channels/Channel/Plugins/Plugin	element	Plugin	0x023fe5e8	0x0154d35c	0x0154d53c	MA_pluginWithName:identifier:settingName:outputFormat:bypassed:	child helper reaches factory	internal plugin object and stable slot identity unresolved	static_observed	false	false
Patch/Channels/Channel/Plugins/Plugin	attribute	id	0x02350248	0x0154d35c	0x0154d404	x3; child uint32+0xbc formatted %d	NSString.length!=0	ID lifetime and Remote gindex/instID mapping unresolved	static_observed	false	false
Patch/Channels/Channel/Plugins/Plugin	attribute	name	0x0233aee8	0x0154d35c	0x0154d444	x2; UTF8 child+0x9a	NSString.length!=0	UI meaning not verified	static_observed	false	false
Patch/Channels/Channel/Plugins/Plugin	attribute	settingName	0x023fe5a8	0x0154d35c	0x0154d484	x4; UTF8 child+0x28	NSString.length!=0	setting naming semantics not verified	static_observed	false	false
Patch/Channels/Channel/Plugins/Plugin	attribute	outputFormat	0x0239dbe8	0x0154d35c	0x0154d4c4	x5; child byte+0x6e:1Mono/2Stereo/3..14Surround; fallback empty	NSString.length!=0	distinct from Channel.mode table	static_observed	false	false
Patch/Channels/Channel/Plugins/Plugin	attribute	bypassed	0x023fe5c8	0x0154d35c	0x0154d504	x6; child uint16+0x8a bit0 formatted %d	NSString.length!=0; string0 included	runtime bypass behavior unverified	static_observed	false	false
Patch/Channels/Channel/Plugins/Plugin/Parameters	element	Parameters	0x02372b08	0x0154d8d0	0x0154d8e8	non-null Parameter children	caller array.count!=0 at0x0154dffc	filtered coverage; not every backend parameter	static_observed	false	false
Patch/Channels/Channel/Plugins/Plugin/Parameters/Parameter	element	Parameter	0x023fe648	0x0154d600	0x0154d7e0	MA_parameterWithName:identifier:value:valueLimit:valueString:	backend exists; count>0; raw vtable+0x88!=0; vtable+0x50 return0	backend units and parameter identity unresolved	static_observed	false	false
Patch/Channels/Channel/Plugins/Plugin/Parameters/Parameter	attribute	id	0x02350248	0x0154d600	0x0154d6a8	x3; zero-based loop index formatted %d	Parameter constructed and NSString.length!=0	loop index; stable public parameter ID unproven	static_observed	false	false
Patch/Channels/Channel/Plugins/Plugin/Parameters/Parameter	attribute	name	0x0233aee8	0x0154d600	0x0154d6e8	x2; backend vtable+0x40 return object	Parameter constructed and NSString.length!=0	name source implementation unresolved	static_observed	false	false
Patch/Channels/Channel/Plugins/Plugin/Parameters/Parameter	attribute	value	0x023507a8	0x0154d600	0x0154d728	x4; backend vtable+0x98 return formatted %ld	Parameter constructed and NSString.length!=0; string0 included	type units scale unresolved	static_observed	false	false
Patch/Channels/Channel/Plugins/Plugin/Parameters/Parameter	attribute	valueLimit	0x023fe608	0x0154d600	0x0154d768	x5; backend vtable+0x88 return formatted %ld	factory length!=0; caller skips whole Parameter when raw return0	limit definition unresolved	static_observed	false	false
Patch/Channels/Channel/Plugins/Plugin/Parameters/Parameter	attribute	valueString	0x023fe628	0x0154d600	0x0154d7a8	x6; UTF8 conversion of buffer supplied to vtable+0x50 capacity0x100	Parameter constructed and NSString.length!=0	display formatting and buffer contract unresolved	static_observed	false	false
Patch/Channels/Channel/Sends	element	Sends	0x02342488	0x0154d8a4	0x0154d8bc	children argument to MA_sendsWithChildren:	factory exists; node fresh array has no additions; guarded by count!=0	inclusion on shown mode8 path not confirmed	static_observed	false	false
Patch/Channels/Channel/HasEmptySlots	element	HasEmptySlots	0x023ebe08	0x0133d5a0	0x0133d754	no children or attributes	_IsALPCheckForEmptySlots nonzero and anySlotEmpty bit0 set	checkSlot criteria unknown; displayEmptySlotAlert called afterward	static_observed	false	false
