id	program	function_entry	decode_call	key_cfstring	key	selector	key_register	operation	declared_ivar_name	declared_ivar_type	ivar_offset_slot	ivar_offset	condition_or_boundary	encoded_in_011	runtime_verified	product_capability
parent-decode-012-01	MACore.arm64	0x0009afd4	0x9b0a4	0x18e840	rangeLow	decodeLongForKey:inUnarchiver:	x2	decode_value	_rangeLow	q	0x1ab4b4	8	all normal-path decodes	true	false	false
parent-decode-012-02	MACore.arm64	0x0009afd4	0x9b0c4	0x18e860	rangeHigh	decodeLongForKey:inUnarchiver:	x2	decode_value	_rangeHigh	q	0x1ab4b8	16	all normal-path decodes	true	false	false
parent-decode-012-03	MACore.arm64	0x0009afd4	0x9b0e0	0x18eaa0	kRangeMappingModeKey	containsValueForKey:	x2	presence_test					result interpreted by subsequent branch: contains(mode) w0 != 0	true	false	false
parent-decode-012-04	MACore.arm64	0x0009afd4	0x9b0f8	0x18eaa0	kRangeMappingModeKey	decodeLongForKey:inUnarchiver:	x2	decode_value	_mappingRangeMode	q	0x1ab4c0	104	contains(mode) w0 != 0	true	false	false
parent-decode-012-05	MACore.arm64	0x0009afd4	0x9b10c	0x18e920	rangeIsFlipped	decodeBoolForKey:	x2	decode_value	_mappingRangeMode	q	0x1ab4c0	104	contains(mode) w0 == 0; zero-extend decoded w0	true	false	false
parent-decode-012-06	MACore.arm64	0x0009afd4	0x9b15c	0x18e880	momentaryType	decodeBoolForKey:	x2	decode_value	_momentaryType	B	0x1ab4c4	65	all normal-path decodes; store low byte	true	false	false
parent-decode-012-07	MACore.arm64	0x0009afd4	0x9b178	0x18e8a0	wasAutoset	decodeBoolForKey:	x2	decode_value	_wasAutoset	B	0x1ab4c8	68	all normal-path decodes; store low byte	true	false	false
parent-decode-012-08	MACore.arm64	0x0009afd4	0x9b194	0x18e8c0	takeVelocity	decodeBoolForKey:	x2	decode_value	_takeVelocity	B	0x1ab4cc	67	all normal-path decodes; store low byte	true	false	false
parent-decode-012-09	MACore.arm64	0x0009afd4	0x9b1f4	0x18e8e0	scalingGraph	decodeObjectOfClasses:forKey:	x3	decode_value	_scalingGraph	"@""NSArray"""	0x1ab4d0	80	all normal-path decodes; dynamic class-set/object call	true	false	false
parent-decode-012-10	MACore.arm64	0x0009afd4	0x9b264	0x18e900	alternativeGraph	decodeObjectOfClasses:forKey:	x3	decode_value	_alternativeGraph	"@""NSArray"""	0x1ab4d4	88	all normal-path decodes; dynamic class-set/object call	true	false	false
parent-decode-012-11	MACore.arm64	0x0009afd4	0x9b29c	0x18e9a0	kIsNewSavedValueKey	decodeBoolForKey:	x2	decode_value	_isNewSavedValueType	B	0x1ab4bc	71	initial Bool decode; contains test only after selected double branch	true	false	false
parent-decode-012-12	MACore.arm64	0x0009afd4	0x9b2b8	0x18e940	kSavedValueKey	containsValueForKey:	x2	presence_test					result interpreted by subsequent branch: contains(legacy) w0 != 0; also set _unarchivedSavedFromLong=1	false	false	false
parent-decode-012-13	MACore.arm64	0x0009afd4	0x9b2e0	0x18e940	kSavedValueKey	decodeLongForKey:inUnarchiver:	x2	decode_value	_savedLongValue	q	0x1ab4dc	48	contains(legacy) w0 != 0; also set _unarchivedSavedFromLong=1	false	false	false
parent-decode-012-14	MACore.arm64	0x0009afd4	0x9b300	0x18e980	kSavedValueDoubleKey	containsValueForKey:	x2	presence_test					result interpreted by subsequent branch: contains(legacy) w0 == 0 and contains(double) w0 != 0	true	false	false
parent-decode-012-15	MACore.arm64	0x0009afd4	0x9b314	0x18e980	kSavedValueDoubleKey	decodeDoubleForKey:	x2	decode_value	_savedValue	d	0x1ab4e0	32	contains(legacy) w0 == 0 and contains(double) w0 != 0	true	false	false
parent-decode-012-16	MACore.arm64	0x0009afd4	0x9b330	0x18e9a0	kIsNewSavedValueKey	containsValueForKey:	x2	presence_test					result interpreted by subsequent branch: initial Bool decode; contains test only after selected double branch	true	false	false
parent-decode-012-17	MACore.arm64	0x0009afd4	0x9b350	0x18e960	kSavedValueFloatKey	decodeFloatForKey:	x2	decode_value	_savedValue	d	0x1ab4e0	32	contains(legacy) w0 == 0 and contains(double) w0 == 0; no float presence check; FCVT d0,s0	true	false	false
parent-decode-012-18	MACore.arm64	0x0009afd4	0x9b370	0x18e9c0	kHasSavedValueKey	decodeBoolForKey:	x2	decode_value	_hasSavedValue	B	0x1ab52c	24	after numeric branches; does not gate them	true	false	false
parent-decode-012-19	MACore.arm64	0x0009afd4	0x9b38c	0x18e9e0	kFilterMappingKey	decodeBoolForKey:	x2	decode_value	_filterMapping	B	0x1ab4e4	69	all normal-path decodes; store low byte	true	false	false
parent-decode-012-20	MACore.arm64	0x0009afd4	0x9b3a8	0x18ea00	kDisplayIndexKey	decodeIntegerForKey:	x2	decode_value	_displayIndex	q	0x1ab4e8	56	all normal-path decodes; store x0 qword	true	false	false
parent-decode-012-21	MACore.arm64	0x0009afd4	0x9b3c4	0x18ea80	kGInstIDKey	decodeIntegerForKey:	x2	decode_value	_logicOnlyGInstID	i	0x1ab4ec	76	all normal-path decodes; STR w0 keeps lower32 bits; no local range check	true	false	false
parent-decode-012-22	MACore.arm64	0x0009afd4	0x9b3e0	0x18ea20	kDiscreteStepsKey	decodeBoolForKey:	x2	decode_value	_isStepped	B	0x1ab4f0	70	all normal-path decodes; store low byte	true	false	false
parent-decode-012-23	MACore.arm64	0x0009afd4	0x9b3fc	0x18ea40	kDisplayParameterValueAsPercentageKey	decodeBoolForKey:	x2	decode_value	_displayParameterValueAsPercentage	B	0x1ab4f4	72	all normal-path decodes; store low byte	true	false	false
parent-decode-012-24	MACore.arm64	0x0009afd4	0x9b418	0x18ea60	kMappingCreatedFromSmartMapKey	decodeBoolForKey:	x2	decode_value					all normal-path decodes; forward return as x2 to unqueried setCreatedFromSmartMap:	true	false	false
