id	program	construction	initializer_entry	position_zero_based	class_reference_kind	class_reference_address	class_name	objc_opt_class_call	runtime_verified	product_capability
classes-008-registry-00	MACore.arm64	registry	0x0009a8ac	0	chained_import_slot	0x0017d730	NSArray	0x0009a8dc	false	false
classes-008-registry-01	MACore.arm64	registry	0x0009a8ac	1	chained_import_slot	0x0017c608	NSNumber	0x0009a8ec	false	false
classes-008-registry-02	MACore.arm64	registry	0x0009a8ac	2	chained_import_slot	0x0017d758	NSDictionary	0x0009a8fc	false	false
classes-008-registry-03	MACore.arm64	registry	0x0009a8ac	3	local_N_SECT_symbol	0x001acdd8	WsIdentity	0x0009a90c	false	false
classes-008-registry-04	MACore.arm64	registry	0x0009a8ac	4	local_N_SECT_symbol	0x001acdd8	WsIdentity	0x0009a918	false	false
classes-008-registry-05	MACore.arm64	registry	0x0009a8ac	5	chained_import_slot	0x0017d778	NSMutableData	0x0009a928	false	false
classes-008-registry-06	MACore.arm64	registry	0x0009a8ac	6	chained_import_slot	0x0017c640	NSString	0x0009a938	false	false
classes-008-registry-07	MACore.arm64	registry	0x0009a8ac	7	chained_import_slot	0x0017c540	NSAttributedString	0x0009a948	false	false
classes-008-registry-08	MACore.arm64	registry	0x0009a8ac	8	local_N_SECT_symbol	0x001ad828	MAKeyboardLayer	0x0009a958	false	false
classes-008-registry-09	MACore.arm64	registry	0x0009a8ac	9	chained_import_slot	0x0017c2a0	NSColor	0x0009a968	false	false
classes-008-default_plist-00	MACore.arm64	default_plist	0x000c9ed4	0	chained_import_slot	0x0017c640	NSString	0x000c9f04	false	false
classes-008-default_plist-01	MACore.arm64	default_plist	0x000c9ed4	1	chained_import_slot	0x0017d730	NSArray	0x000c9f14	false	false
classes-008-default_plist-02	MACore.arm64	default_plist	0x000c9ed4	2	chained_import_slot	0x0017d758	NSDictionary	0x000c9f24	false	false
classes-008-default_plist-03	MACore.arm64	default_plist	0x000c9ed4	3	chained_import_slot	0x0017d748	NSData	0x000c9f34	false	false
classes-008-default_plist-04	MACore.arm64	default_plist	0x000c9ed4	4	chained_import_slot	0x0017c5e8	NSMutableString	0x000c9f44	false	false
classes-008-default_plist-05	MACore.arm64	default_plist	0x000c9ed4	5	chained_import_slot	0x0017d770	NSMutableArray	0x000c9f54	false	false
classes-008-default_plist-06	MACore.arm64	default_plist	0x000c9ed4	6	chained_import_slot	0x0017d780	NSMutableDictionary	0x000c9f64	false	false
classes-008-default_plist-07	MACore.arm64	default_plist	0x000c9ed4	7	chained_import_slot	0x0017d778	NSMutableData	0x000c9f74	false	false
classes-008-default_plist-08	MACore.arm64	default_plist	0x000c9ed4	8	chained_import_slot	0x0017d750	NSDate	0x000c9f84	false	false
classes-008-default_plist-09	MACore.arm64	default_plist	0x000c9ed4	9	chained_import_slot	0x0017c608	NSNumber	0x000c9f94	false	false
classes-008-common_core_additions-00	MACore.arm64	common_core_additions	0x000c9dec	0	chained_import_slot	0x0017d798	NSNull	0x000c9e28	false	false
classes-008-common_core_additions-01	MACore.arm64	common_core_additions	0x000c9dec	1	chained_import_slot	0x0017c668	NSValue	0x000c9e38	false	false
classes-008-common_core_additions-02	MACore.arm64	common_core_additions	0x000c9dec	2	chained_import_slot	0x0017d7c0	NSURL	0x000c9e48	false	false
