program	function_role	function_entry	lsda_address	row_index	lsda_byte_offset	range_start	range_end_exclusive	landing_pad	action_entry	encoded_filter_chain	type_info	runtime_verified	product_capability
Logic.arm64	selected	0x16328b4	0x219991c	0	5	0x16328b4	0x16328e8		0			false	false
Logic.arm64	selected	0x16328b4	0x219991c	1	9	0x16328e8	0x16328fc	0x1632ef4	0			false	false
Logic.arm64	selected	0x16328b4	0x219991c	2	14	0x1632b98	0x1632ba0	0x1632dec	5	1,0,0	0x02329f60	false	false
Logic.arm64	selected	0x16328b4	0x219991c	3	20	0x1632be0	0x1632be8	0x1632df8	5	1,0,0	0x02329f60	false	false
Logic.arm64	selected	0x16328b4	0x219991c	4	26	0x1632c14	0x1632c34	0x1632dd8	5	1,0,0	0x02329f60	false	false
Logic.arm64	selected	0x16328b4	0x219991c	5	32	0x1632c74	0x1632c78	0x1632e0c	5	1,0,0	0x02329f60	false	false
Logic.arm64	selected	0x16328b4	0x219991c	6	38	0x1632c84	0x1632c98	0x1632dd4	5	1,0,0	0x02329f60	false	false
Logic.arm64	selected	0x16328b4	0x219991c	7	44	0x1632cac	0x1632cbc	0x1632dbc	5	1,0,0	0x02329f60	false	false
Logic.arm64	selected	0x16328b4	0x219991c	8	50	0x1632cc8	0x1632cd4	0x1632da8	5	1,0,0	0x02329f60	false	false
Logic.arm64	selected	0x16328b4	0x219991c	9	56	0x1632cd4	0x1632ce4		0			false	false
Logic.arm64	selected	0x16328b4	0x219991c	10	61	0x1632ce4	0x1632cf8	0x1632d90	5	1,0,0	0x02329f60	false	false
Logic.arm64	selected	0x16328b4	0x219991c	11	67	0x1632cf8	0x1632d10		0			false	false
Logic.arm64	selected	0x16328b4	0x219991c	12	72	0x1632d10	0x1632d1c	0x1632e0c	5	1,0,0	0x02329f60	false	false
Logic.arm64	selected	0x16328b4	0x219991c	13	78	0x1632d1c	0x1632d2c	0x1632dc0	5	1,0,0	0x02329f60	false	false
Logic.arm64	selected	0x16328b4	0x219991c	14	84	0x1632d2c	0x1632d34		0			false	false
Logic.arm64	selected	0x16328b4	0x219991c	15	89	0x1632d34	0x1632d4c	0x1632e0c	5	1,0,0	0x02329f60	false	false
Logic.arm64	selected	0x16328b4	0x219991c	16	95	0x1632d4c	0x1632e34		0			false	false
Logic.arm64	selected	0x16328b4	0x219991c	17	101	0x1632e34	0x1632e38	0x1632ee4	0			false	false
Logic.arm64	selected	0x16328b4	0x219991c	18	107	0x1632e38	0x1632f08		0			false	false
Logic.arm64	wrapper	0x162cb10	0x2198d68	0	5	0x162cb10	0x162cb60		0			false	false
Logic.arm64	wrapper	0x162cb10	0x2198d68	1	9	0x162cb60	0x162cb6c	0x162d478	0			false	false
Logic.arm64	wrapper	0x162cb10	0x2198d68	2	14	0x162cb98	0x162cbe0	0x162d50c	0			false	false
Logic.arm64	wrapper	0x162cb10	0x2198d68	3	20	0x162cc78	0x162cc80	0x162d4ac	0			false	false
Logic.arm64	wrapper	0x162cb10	0x2198d68	4	26	0x162ccc4	0x162cccc	0x162d534	0			false	false
Logic.arm64	wrapper	0x162cb10	0x2198d68	5	32	0x162cdf8	0x162ce04	0x162d430	0			false	false
Logic.arm64	wrapper	0x162cb10	0x2198d68	6	38	0x162ce50	0x162ce5c	0x162d470	0			false	false
Logic.arm64	wrapper	0x162cb10	0x2198d68	7	44	0x162ce64	0x162ce74	0x162d468	0			false	false
Logic.arm64	wrapper	0x162cb10	0x2198d68	8	50	0x162ce74	0x162ce7c	0x162d464	0			false	false
Logic.arm64	wrapper	0x162cb10	0x2198d68	9	56	0x162ce90	0x162cea0	0x162d504	0			false	false
Logic.arm64	wrapper	0x162cb10	0x2198d68	10	62	0x162ceac	0x162ceb4	0x162d508	0			false	false
Logic.arm64	wrapper	0x162cb10	0x2198d68	11	68	0x162cf14	0x162cf1c	0x162d53c	0			false	false
Logic.arm64	wrapper	0x162cb10	0x2198d68	12	74	0x162cf6c	0x162cf74	0x162d42c	0			false	false
Logic.arm64	wrapper	0x162cb10	0x2198d68	13	80	0x162d060	0x162d090	0x162d4a8	0			false	false
Logic.arm64	wrapper	0x162cb10	0x2198d68	14	86	0x162d090	0x162d0cc		0			false	false
Logic.arm64	wrapper	0x162cb10	0x2198d68	15	91	0x162d0cc	0x162d0dc	0x162d4c8	0			false	false
Logic.arm64	wrapper	0x162cb10	0x2198d68	16	97	0x162d0e8	0x162d0fc	0x162d4cc	0			false	false
Logic.arm64	wrapper	0x162cb10	0x2198d68	17	103	0x162d0fc	0x162d110	0x162d4d0	0			false	false
Logic.arm64	wrapper	0x162cb10	0x2198d68	18	109	0x162d110	0x162d11c		0			false	false
Logic.arm64	wrapper	0x162cb10	0x2198d68	19	114	0x162d11c	0x162d124	0x162d4b4	0			false	false
Logic.arm64	wrapper	0x162cb10	0x2198d68	20	120	0x162d124	0x162d144	0x162d4dc	0			false	false
Logic.arm64	wrapper	0x162cb10	0x2198d68	21	126	0x162d144	0x162d164		0			false	false
Logic.arm64	wrapper	0x162cb10	0x2198d68	22	131	0x162d164	0x162d170	0x162d480	0			false	false
Logic.arm64	wrapper	0x162cb10	0x2198d68	23	137	0x162d188	0x162d1a0	0x162d45c	0			false	false
Logic.arm64	wrapper	0x162cb10	0x2198d68	24	143	0x162d1a4	0x162d1b0	0x162d454	0			false	false
Logic.arm64	wrapper	0x162cb10	0x2198d68	25	149	0x162d1bc	0x162d1dc	0x162d44c	0			false	false
Logic.arm64	wrapper	0x162cb10	0x2198d68	26	155	0x162d1dc	0x162d20c	0x162d488	0			false	false
Logic.arm64	wrapper	0x162cb10	0x2198d68	27	161	0x162d218	0x162d228	0x162d460	0			false	false
Logic.arm64	wrapper	0x162cb10	0x2198d68	28	167	0x162d234	0x162d244	0x162d444	0			false	false
Logic.arm64	wrapper	0x162cb10	0x2198d68	29	173	0x162d24c	0x162d258	0x162d43c	0			false	false
Logic.arm64	wrapper	0x162cb10	0x2198d68	30	179	0x162d274	0x162d288	0x162d4d8	0			false	false
Logic.arm64	wrapper	0x162cb10	0x2198d68	31	185	0x162d288	0x162d2b4	0x162d4f4	0			false	false
Logic.arm64	wrapper	0x162cb10	0x2198d68	32	191	0x162d2b4	0x162d2c8		0			false	false
Logic.arm64	wrapper	0x162cb10	0x2198d68	33	196	0x162d2c8	0x162d2d0	0x162d438	0			false	false
Logic.arm64	wrapper	0x162cb10	0x2198d68	34	202	0x162d2d0	0x162d2e4		0			false	false
Logic.arm64	wrapper	0x162cb10	0x2198d68	35	207	0x162d2e4	0x162d324	0x162d514	0			false	false
Logic.arm64	wrapper	0x162cb10	0x2198d68	36	213	0x162d324	0x162d334	0x162d4b8	0			false	false
Logic.arm64	wrapper	0x162cb10	0x2198d68	37	219	0x162d33c	0x162d364	0x162d484	0			false	false
Logic.arm64	wrapper	0x162cb10	0x2198d68	38	225	0x162d364	0x162d414		0			false	false
Logic.arm64	wrapper	0x162cb10	0x2198d68	39	231	0x162d414	0x162d428	0x162d480	0			false	false
Logic.arm64	wrapper	0x162cb10	0x2198d68	40	237	0x162d428	0x162d578		0			false	false
