id	program	boundary	function_entry	evidence_instruction	static_fact	remaining_boundary	runtime_verified	product_capability
registration-finish-010-01	Logic.arm64	once_invoke	0x019d87e8	0x019d87e8	Block invoke branches to 019d87ec	Outer dispatch_once completion does not prove runtime alias acceptance	false	false
registration-finish-010-02	Logic.arm64	once_byte_gate	0x019d87ec	0x019d880c	Byte02777217 bit0 causes early return; qword02777210 zeroed in guard initialization	Current gate value and external writes unobserved; this body does not set gate to one	false	false
registration-finish-010-03	Logic.arm64	keyboard_alias	0x019d87ec	0x019d8844	setClass:forClassName: with MAKeyboardLayer opt_class result / WsKeyboardLayer	Runtime class binding, registration precedence and Foundation acceptance unobserved	false	false
registration-finish-010-04	Logic.arm64	midi_alias	0x019d87ec	0x019d8868	setClass:forClassName: with MAChannelMIDIParameterMapping opt_class result / WsDirectToChannelMIDIParameterMapping	Runtime class binding, registration precedence and Foundation acceptance unobserved	false	false
registration-finish-010-05	Logic.arm64	once_virtual_tail	0x019d87ec	0x019d88a0	Receiver from global025ecef8 or fallback025ecf00 then indirect tail branch via vtable+0x18	Actual target and cleanup not established; Ref019d8958 is not an unconditional target	false	false
registration-finish-010-06	MACore.arm64	null_alias_load	0x001094f8	0x0010952c	setClass:forClassName: with MANullParameterMapping opt_class result / WsNoParameterMapping	Image load execution, alias precedence and decode acceptance unobserved	false	false
registration-finish-010-07	MACore.arm64	null_registry_load	0x001094f8	0x00109544	Tail send addMappingClass: to direct MAMapping class with incoming load self in x2	Registry argument comes from incoming load self; alias argument comes from opt_class result; value equality and effective registry contents unobserved	false	false
registration-finish-010-08	MACore.arm64	null_init_coder	0x001093b4	0x001093cc	Coder x2 unused; return retained emptyMapping result after releasing original receiver	This body does not decode attributes; runtime dispatch and native failure unverified	false	false
registration-finish-010-09	MACore.arm64	empty_once	0x00109548	0x001095b4	One process-global once token001b6ca8 and result001b6ca0; capture incoming class at block+0x20	No explicit nil gate or runtime object identity verification	false	false
registration-finish-010-10	MACore.arm64	empty_allocation_store	0x001095c4	0x001095dc	Store objc_alloc_init return x0 in global001b6ca0; release old global	No explicit nil gate; native allocation/init failures and runtime singleton success unverified	false	false
registration-finish-010-11	MACore.arm64	null_secure_flag	0x001095bc	0x001095bc	Class method returns w0=1	Does not prove whole-archive secure decoding or success	false	false
registration-finish-010-12	MACore.arm64	null_relation_flag	0x001093f4	0x001093f4	Body returns w0=0	Runtime dispatch and full semantic contract unverified	false	false
registration-finish-010-13	MACore.arm64	null_destination	0x0010944c	0x0010944c	Body returns x0=-1	LogicAdditions also defines destination013f62c8; its body and effective runtime dispatch unverified	false	false
registration-finish-010-14	MACore.arm64	null_midi_status	0x00109454	0x00109454	Body returns w0=0	MACore definition only; effective runtime dispatch unverified	false	false
registration-finish-010-15	MACore.arm64	null_index	0x001094d0	0x001094d0	Body returns x0=-1; q16@0:8 type metadata	Do not use decompiler char pointer type or infer effective runtime getter	false	false
registration-finish-010-16	MACore.arm64	finish_pre_error_bool	0x000ca018	0x000ca038	Capture error==nil before finishDecoding and return that saved BOOL	No post-finish error retrieval; native finish and exceptions unverified	false	false
registration-finish-010-17	MACore.arm64	finish_native_call	0x000ca018	0x000ca044	Call finishDecoding after retained error object release	Private category binding and native error/exception behavior unverified	false	false
registration-finish-010-18	Logic.arm64	getter_cache_before_finish	0x019d82b4	0x019d84a8	If cache is empty store decoded result at record+0x28 before finish_ma call	Conditional store does not guarantee nonnil cache, successful finish or persistence	false	false
registration-finish-010-19	Logic.arm64	getter_ignores_finish_bool	0x019d82b4	0x019d84c8	After finish_ma call overwrite x0 for object release, with no BOOL rejection gate	Cache or returned decode value does not establish post-finish success	false	false
