fact_id	program	definition	instruction_anchors	behavior_ja	behavior_en	runtime_verified	product_capability
H013-01	MACore.arm64	0x0009a9c4	0x0009a9d8,0x0009a9dc,0x0009a9e0,0x0009a9e4,0x0009a9ec,0x0009a9f0	入口のx3は保持・retainされ、receiverはx21、keyはx19へ保存される。Cの引数表示だけではABIを復元できない。	Incoming x3 is saved/retained as x20; incoming receiver x0 is saved as x21; key x2 is retained as x19. The Ghidra C signature omits x3, so assembly and ObjC metadata control ABI interpretation.	false	false
H013-02	MACore.arm64	0x0009a9c4	0x0009a9f8,0x0009aa04,0x0009aa08,0x0009aa0c,0x0009aa18,0x0009aa1c	keyboardIndex比較はw0のbit0、outputChannel比較はw0全体の非0を使い、整数枝を選ぶ。	Key isEqualToString:keyboardIndex tests bit0 of w0; set bit enters integer path. Otherwise isEqualToString:outputChannel tests w0 nonzero; nonzero enters the same integer path.	false	false
H013-03	MACore.arm64	0x0009a9c4	0x0009aa20,0x0009aa24,0x0009aa28,0x0009aa2c,0x0009aa30	整数枝は保存receiverへkeyを渡してdecodeIntegerForKey:を送り、返値ワードを保存する。	Integer path sends decodeIntegerForKey: to incoming receiver x21 using key x19, saves signed64 result x0 in x22 and joins common return cleanup.	false	false
H013-04	MACore.arm64	0x0009a9c4	0x0009aa34,0x0009aa38,0x0009aa3c,0x0009aa40,0x0009aa44,0x0009aa48,0x0009aa4c	その他のキーはNSNumberに対するobjc_opt_classの返値をclass引数へ渡し、保存receiverへobject decoderを送る。	Other-key path loads imported NSNumber, calls objc_opt_class, passes its returned class x0 as x2 to decodeObjectOfClass:forKey: on receiver x21 with key x19 in x3.	false	false
H013-05	MACore.arm64	0x0009a9c4	0x0009aa54,0x0009aa58,0x0009aa5c,0x0009aa60,0x0009aa64,0x0009aa68	objectをretainし、追加のnil・型・error判定なしでlongValueを送り、返値を保存してobjectをreleaseする。	Object result is retained using objc_retainAutoreleasedReturnValue, sent longValue without a caller-side nil/type/result branch, x0 saved to x22, object then released. Native coder semantics and runtime selector dispatch remain unexamined.	false	false
H013-06	MACore.arm64	0x0009a9c4	0x0009aa6c,0x0009aa70,0x0009aa74,0x0009aa78,0x0009aa7c,0x0009aa90	通常終了で追加のincoming x3とkeyをreleaseし、保存した64 bitワードを返す。incoming x3は本文でretain/release以外に使わない。	Normal cleanup releases retained incoming x3 and key, returns saved result x22 in x0. Incoming x3 has no use other than retain/release in the complete saved 208 B body. It is not the object-path key x3, which is overwritten from x19.	false	false
H013-07	MACore.arm64	0x0009bf88	0x0009bf88,0x0009bf8c,0x0009bf90,0x0009bf94	setterはruntime offset slotを読み、w2の下位byteを直接格納する。mask・正規化・別callなし。	Setter reads signed runtime ivar offset slot001ab508 and directly stores low byte of w2. No mask/normalization/extra call in this 16 B body.	false	false
H013-08	MACore.arm64	0x0009bd60	0x0009bd60,0x0009bd64,0x0009bd68,0x0009bd6c	旧long getterはruntime offset slotを読み、64 bit fieldを直接返す。変換・格納・別callなし。	Long getter reads signed runtime offset slot001ab4dc and loads the 64-bit field into x0; no conversion/store/call in this 16 B body.	false	false
H013-09	MACore.arm64	0x0009bd70	0x0009bd70,0x0009bd74,0x0009bd78,0x0009bd7c,0x0009bd80	旧形式flag getterはbyteを読み、bit0だけ返す。fieldの更新なし。	Flag getter reads signed runtime offset slot001ab4d8, loads one byte, masks bit0 into w0 and returns; no field update in this 20 B body.	false	false
H013-10	MACore.arm64	0x0009a9c4	0x0009a9c4,0x0009aa90	helper本文にcontains判定・native error検査・retry・longからdoubleへの変換はない。native失敗・例外動作は未確認。	Complete saved helper body has no containsValueForKey: send, native error argument/inspection, retry or scalar long-to-double conversion. Missing key/wrong type/nil/unarchiver failure and exception-unwind behavior are not established by these normal-path instructions.	false	false
