id	program	anchors	fact_ja	fact_en	runtime_verified	product_capability
D016-01	Logic.arm64	0x18e0a38,0x18e0a40,0x18e0a48,0x18e0a4c,0x18e0a54,0x18e0a5c,0x18e0a60,0x18e0a64,0x18e0a6c	UID入口はGetValueのimport pointerが非0で、入力のCF type IDがUIDのtype IDと一致する枝。UIDをx21へ取得する。	The UID path requires a nonzero GetValue import pointer and matching CF type IDs; the extracted UID is saved in x21.	false	false
D016-02	Logic.arm64	0x18e0a74,0x18e0a7c,0x18e0a80,0x18e0a90,0x18e0a98,0x18e0a9c,0x18e0aac	UIDをNSNumber longのキーにし、offset32の_objectsByIDを引く。非0のcache結果は再帰復元を飛ばす。	UID becomes an NSNumber long key for _objectsByID at offset32. A nonzero cache hit skips recursive decoding.	false	false
D016-03	Logic.arm64	0x18e0ab0,0x18e0ab4,0x18e0abc,0x18e0ac0,0x18e0ac4,0x18e0d40,0x18e0d48,0x18e0d50	cache miss後、UIDの符号bitまたはUID>=encodedObjects.countでinvalid UIDのログと0結果へ進む。	After a cache miss, a negative UID or UID >= encodedObjects.count takes the invalid-UID logging path with zero result.	false	false
D016-04	Logic.arm64	0x18e0ac8,0x18e0ad0,0x18e0ad4,0x18e0ae4,0x18e0ae8,0x18e0aec,0x18e0b04,0x18e0e6c,0x18e0e74	有効なUIDはoffset16の_encodedObjectsから要素を引き、self _decodedObject:を再帰送信。0結果は失敗ログへ、cacheへの格納には進まない。	A valid UID indexes _encodedObjects at offset16 and recursively sends _decodedObject: to self. A zero result logs failure and does not populate the cache.	false	false
D016-05	Logic.arm64	0x18e0b08,0x18e0b0c,0x18e0b10,0x18e0b18,0x18e0b1c,0x18e0b28,0x18e0b40	UID0で復元結果が文字列$nullと等しいときだけ、NSNull null結果へ置き換える。	Only UID0 whose decoded result equals the string $null is replaced with the result of NSNull null.	false	false
D016-06	Logic.arm64	0x18e0b44,0x18e0b48,0x18e0b50,0x18e0b54,0x18e0b5c,0x18e0b6c,0x18e0b70,0x18e0b74	成功したUID復元は必要ならNSMutableDictionary cacheを作り、復元結果をUID keyで格納する。格納は再帰から戻った後。	Successful UID decoding creates a mutable dictionary cache if needed and stores the result by UID after recursion has returned.	false	false
D016-07	Logic.arm64	0x18e0b80,0x18e0b84,0x18e0b90,0x18e0b94,0x18e0c3c,0x18e0c4c,0x18e0c68,0x18e0c84,0x18e0c8c,0x18e0df0,0x18e0e00,0x18e0e08	辞書以外ではNSString/NSNumber/NSData/NSDateのisKindOfClass低bitが真なら入力を返し、それ以外は0。生のNSArrayをそのまま返す枝はない。	For non-dictionaries, a true low bit of isKindOfClass for NSString, NSNumber, NSData or NSDate returns the input; otherwise zero. No direct raw-NSArray pass-through branch exists.	false	false
D016-08	Logic.arm64	0x18e0b98,0x18e0b9c,0x18e0ba4,0x18e0bb4,0x18e0c98,0x18e0c9c,0x18e0ca4,0x18e0cb4,0x18e0cc4,0x18e0dd8,0x18e0de0,0x18e0de4	辞書の$classが0なら$classnameを引く。それも0なら警告と0、非0ならその値を再帰復元した結果を返す。	If dictionary $class is zero, it looks up $classname. Zero there warns and returns zero; a nonzero value is recursively decoded and returned.	false	false
D016-09	Logic.arm64	0x18e0bb8,0x18e0bbc,0x18e0bc0,0x18e0bd4,0x18e0bd8,0x18e0bdc,0x18e0be0,0x18e0be8,0x18e0c24	非0の$class値を再帰復元してclassForClassName:へ渡し、返されたClassのNSStringFromClass結果をFoundationのクラス名と比較する。	A nonzero $class value is recursively decoded and passed to classForClassName:. NSStringFromClass of the returned Class is compared with Foundation class names.	false	false
D016-10	Logic.arm64	0x18e0d1c,0x18e0e5c,0x18e0ef8,0x18e0f88,0x18e0fd8	NSArray/NSMutableArray、NSDictionary/NSMutableDictionary、NSString/NSMutableString、NSAttributedString/NSMutableAttributedString、NSColorの名前比較は各専用復元selectorへ進む。	Name comparisons for immutable/mutable array, dictionary, string and attributed string, plus NSColor, dispatch to the corresponding specialized decoding selectors.	false	false
D016-11	Logic.arm64	0x18e0ffc,0x18e1000,0x18e100c,0x18e1040,0x18e1050,0x18e105c,0x18e1080,0x18e1084,0x18e109c,0x18e10a0,0x18e10b8,0x18e10bc,0x18e10d4,0x18e10d8,0x18e10e4	WsIdentityのsubclass比較はw0全体、MAMapping/MAKeyboardLayer/MAGraphPointはbit0、_WsChannelUUIDはw0全体で分岐。MAChannelIDは名前比較。専用helper内部はこの2本文では未読。	WsIdentity and _WsChannelUUID subclass tests branch on full w0; MAMapping, MAKeyboardLayer and MAGraphPoint test bit0. MAChannelID uses a name comparison. Specialized helper bodies are outside this two-body scope.	false	false
D016-12	Logic.arm64	0x18e10f8,0x18e112c,0x18e116c,0x18e1188,0x18e11a0,0x18e11b0,0x18e11ec,0x18e11f4,0x18e11fc,0x18e1204,0x18e1208,0x18e1210	名前/専用subclass分岐を通らない辞書は各値を再帰復元したproperties辞書を作り、offset40のfileWrapperをfileWrapperキーへ入れ、固定クラス_CLgMainStageObject initWithProperties:へ渡す。任意Classをここで直接allocしてはいない。	The fallback recursively decodes each dictionary value into properties, injects fileWrapper at offset40 under the fileWrapper key, and allocates the fixed _CLgMainStageObject class with initWithProperties:, rather than directly allocating the arbitrary resolved Class.	false	false
D016-13	Logic.arm64	0x18e11a0,0x18e121c,0x18e1224,0x18e1230	fallbackの各値の復元が0ならcorrupt propertiesのログを出し、全体を0結果にする。	A zero decoded property in fallback logs corrupt class properties and sets the entire result to zero.	false	false
D016-14	Logic.arm64	0x18e164c,0x18e1650,0x18e1654,0x18e1658,0x18e1668,0x18e166c,0x18e1670,0x18e168c,0x18e1690,0x18e16a0,0x18e16a4,0x18e16c0	versionはoffset24の_rootPropertiesから_classVersionsを引いて再帰復元し、その結果をincoming classNameで引く。intValueのw0を64bitへ符号拡張して返す。局所的nil/type/default枝はない。	Version looks up _classVersions in _rootProperties at offset24, recursively decodes it, then looks up the incoming className. It sign-extends intValue w0 to64bits. No local nil/type/default branch exists.	false	false
