fact_id	program	definition	instruction_anchors	behavior_ja	behavior_en	runtime_verified	product_capability
H014-01	MACore.arm64	0x0009bcfc	0x0009bd08,0x0009bd0c	savedValueは入口receiver x0をx19へ保存し、そのreceiverへ動的にhasSavedValueを送る。hasSavedValueの実効実装はこの本文照合の範囲外。	savedValue saves incoming receiver x0 in x19 and sends dynamic hasSavedValue to that receiver; the selected hasSavedValue implementation is outside this body review.	false	false
H014-02	MACore.arm64	0x0009bcfc	0x0009bd10,0x0009bd14,0x0009bd24	FMOV Dの即値f0はIEEE754の-1.0をd0へ設定する。CBZはbit0だけではなくw0全体を検査し、0なら-1.0を返し、非0なら現在fieldの読出しへ進む。	FMOV D immediate f0 establishes IEEE754 -1.0 in d0. CBZ tests all of w0, not bit0: zero returns -1.0; nonzero reaches the current-field load.	false	false
H014-03	MACore.arm64	0x0009bcfc	0x0009bd18,0x0009bd1c,0x0009bd20	非0の枝はruntime offset slot001ab4e0をLDRSWで読み、receiver x19とそのoffsetからd0へロードする。対応する宣言は_savedValue、offset32/type d/8 B。実objectのlayoutは未検証。	The nonzero path uses LDRSW on runtime offset slot001ab4e0, then loads d0 from receiver x19 plus that offset. The selected ivar declaration is _savedValue, offset32/type d/8 B; runtime object layout remains unverified.	false	false
H014-04	MACore.arm64	0x0009bcfc	0x0009bcfc,0x0009bd2c	52 BのsavedValue本文全体には旧flag・savedLongValueの直接読出し、field格納、longからdoubleへの変換がない。method type d16@0:8に対応するdouble d0を返す。未読calleeや別methodの移行処理は否定しない。	The complete 52 B savedValue body has no direct legacy-flag or savedLongValue read, field store, or long-to-double conversion; it returns double d0, matching method type d16@0:8. This does not exclude migration in an unexamined callee or other method.	false	false
H014-05	Logic.arm64	0x018e18e4	0x018e18e4,0x018e18f0	最初のselector stubはdecodeObjectForKey:（slot0254ba38）で、objc_msgSendへbindする。本文とstubは送信前の入口receiver x0とkey x2を保持する。入口unarchiver x3はこのselectorの宣言引数ではない。	The first selector stub is decodeObjectForKey: (slot0254ba38), bound through objc_msgSend. The body and stub preserve incoming receiver x0 and key x2 before this send; incoming unarchiver x3 is not a declared argument of that selector.	false	false
H014-06	Logic.arm64	0x018e18e4	0x018e18e4,0x018e191c	60 Bのproxy本文全体は入口unarchiver x3を保存・retain・release・分岐判定などに明示的に使わない。呼出し時にx3が残っていてもcalleeの利用を証明しない。	The complete 60 B proxy body does not save, retain, release, branch on or otherwise explicitly use incoming unarchiver x3. Residual x3 at a call is not proof that the callee uses it.	false	false
H014-07	Logic.arm64	0x018e18e4	0x018e18f8,0x018e18fc,0x018e1900	返されたobjectをobjc_retainAutoreleasedReturnValueでretainしx19へ保存、そのobjectへ直接longValueを送る。この並びにcaller側のnil・型・error分岐はない。	The returned object is retained by objc_retainAutoreleasedReturnValue, saved as x19, then receives longValue directly; there is no caller-side nil/type/error branch in this sequence.	false	false
H014-08	Logic.arm64	0x018e18e4	0x018e1904,0x018e1908,0x018e190c,0x018e1910,0x018e191c	通常終了ではlongValue返値x0をx20へ保存し、object x19をreleaseして、返値を変更せずx0で返す。method type q32@0:8@16@24はsigned64宣言で、この本文に数値変換・mask・overflow判定はない。	Normal cleanup saves longValue result x0 in x20, releases object x19, and returns the result unchanged in x0. Method type q32@0:8@16@24 declares signed64; no scalar conversion/mask/overflow check occurs here.	false	false
H014-09	Logic.arm64	0x018e18e4	0x018e18e4,0x018e191c	proxy本文にkeyboardIndex/outputChannel比較、integer読出しへの枝、NSNumberのclass引数、class制約付きdecoder送信はない。固定本文はTARGET013のMACoreと異なる。objectの実受理とruntime dispatchは未検証。	The proxy body has no keyboardIndex/outputChannel comparisons, integer-decode branch, NSNumber class argument or class-restricted decoder send. Its fixed body differs from TARGET013 MACore; actual object acceptance and runtime dispatch remain unverified.	false	false
H014-10	Logic.arm64	0x018e18e4	0x018e18e4,0x018e191c	proxyにローカル条件分岐、contains/error問い合わせ、retry、field更新、longからdoubleへの移行はない。nativeの欠落キー・型違い・nil・error・例外unwind、実効coderの選択、archive保存・再読込は未検証。	The proxy has no local conditional branch, contains/error query, retry, field update or long-to-double migration. Native missing-key/wrong-type/nil/error and exception-unwind semantics, effective coder choice, archive persistence and save/reload remain unverified.	false	false
