id	program	entry	role	static_evidence	unresolved_boundary	runtime_verified	product_capability
phase-006-01	Logic.arm64	0x016328b4	typed_retry	LSDA wrapper-call row 4 has filter 1; indirect type entry resolves to throw type-info 0x02329f60; catch branch returns to 0x01632930 without phase-byte initialization	Runtime capture; cleanup completion; retry count; restoration and Undo	false	false
phase-006-02	Logic.arm64	0x0162cb10	wrapper_cleanup	Explicit throw at 0x0162d424 has cleanup landing 0x0162d480; all 41 LSDA rows have action 0; RTTI names CLgMainStageExportMemoryChangedException	Other exceptions; outer helper EH; runtime success	false	false
phase-006-03	Logic.arm64	0x01a18ae8	mode_dictionary_getter	Category 7 vector lookup with mode index; mode 2 uses index 2; lower getter result passes count gate	Public identifier equivalence; disk persistence; object identity lifetime	false	false
phase-006-04	Logic.arm64	0x0022ce34	mode_dictionary_setter	Nonnil path creates 64-byte type-7 record; calls storage and attachment without checking their results; nil deletion can be skipped on pointer mismatch while returning 1	Combined save status; replacement success; nested-copy ownership; restoration	false	false
phase-006-05	Logic.arm64	0x01a12e40	record_archive_and_cache	Private archiver initializer receives 1; dictionary key; length lower32 at +0x20; buffer holder +0x30/+0x38; original object retained at cache +0x28 after allocation gate	Private initializer semantics; buffer contract; allocation and attachment failures; disk round trip	false	false
phase-006-06	Logic.arm64	0x019d82b4	lazy_record_decode	Length must be signed-positive; existing cache retained; otherwise private unarchiver and class-set decode; decoding-failure-policy argument 0; cache inserted under unfair lock	Allowed class-set; private helper failure; thread and cache lifetime; complete deep-copy behavior	false	false
phase-006-07	Logic.arm64	0x00edc344	loading_invoke	Saves global32 0x026e9b30; stores incoming ID; directly invokes block +0x10; restores global on normal return	Exception restoration; thread isolation; downstream asynchronous completion	false	false
phase-006-08	Logic.arm64	0x002c061c	captured_index_forwarder	Forwards inputIndex and lower32(inputIndex+rawDelta) to 0x0032daec	Parameter-unit meaning; overflow behavior at public boundary	false	false
phase-006-09	Logic.arm64	0x0032daec	mode1_mapping_update	Copies mode 1 dictionary and array containers; changed path calls setter ignoring status; related-ID traversal; conditional reloadWorkspaceAndMappingsInDocument call	Cycle termination; reload completion; mapping object deep copy; stable target identity	false	false
phase-006-10	Logic.arm64	0x0032dfa4	mapping_enumeration	Matches class and logicOnlyGInstID; old-index candidates use bases 0x1c/0x48; predicate path calls _setParameterIndex and sets changed byte or records removal position	Lower predicate definitions; semantic parameter schema; restoration	false	false
phase-006-11	Logic.arm64	0x0162dbc8	metadata_attachment	FileChecks dictionary serialized with property-list format 200 options 0; data-nonnil gate; metadata.plist filename; wrapper/add/error results unchecked	Element schema; wrapper validity; disk write and reload success	false	false
phase-006-12	Logic.arm64	0x0162dd90	intermediate_cache_branch	Literal nil receiver before ordinary length dispatch; static inference that normal nil dispatch bypasses cache branch; branch contains compression level -1 and cache.zxml filename	No runtime branch observation; cannot claim actual cache-file creation or status 0	false	false
phase-006-13	MACore.arm64	0x00070ad8	authoring_predicate	Logic and GarageBandIOS mode predicates or user-default bool determine authoring bit	Current mode/default value; lower predicate implementations; overwrite safety	false	false
