# Derived from remote plug-in default assignments (Logic 12.3.1/6682) via Tools/ghidra/remote_table.py. Layout inferred (SA-002); kind/sub/param are Assign fields +0x3a/+0x3e/+0x40 (hypothesis).
model	kind	sub	param	flags	address
1	2	0	0	0	Transport
1	9	5	0	0	/cs/transport/stop
1	9	3	0	0	/cs/transport/play
1	9	15	0	0	/cs/transport/cycle
1	9	7	0	0	/cs/transport/record
1	9	474	0	0	/cs/transport/click
1	9	761	0	0	/undo
1	9	796	0	0	/redo
1	9	1728	0	0	/duplicateTrack
1	10	21	0	0	/cs/bankLeftOffset
1	3	0	0	0	Default
1	0	0	0	0	/cs/transport/time
1	0	0	0	0	/cs/transport/bar
1	9	1272	0	0	/cs/transport/track-
1	9	1273	0	0	/cs/transport/track+
1	9	1330	0	3	/transport/marker-
1	9	1329	0	3	/transport/marker+
1	2	0	0	0	Pages
1	1	1	0	0	/cs/mixer/volume
1	3	0	0	0	Mixer Volume - Select
1	5	20480	7	2	/cs/mixer/mastervolume
1	0	0	2	0	/cs/mixer/mastername
1	2	0	0	0	@tn
1	0	0	0	12	/cs/mixer/masterlevel
1	5	20480	9	0	/cs/mixer/mastermute
1	9	1040	0	3	/cs/mixer/soloreset
1	9	1040	0	0	/cs/mixer/soloactive
1	9	1041	0	3	/cs/mixer/mutereset
1	9	1041	0	0	/cs/mixer/muteactive
1	5	0	259	0	/cs/mixer/select/
1	0	0	0	0	/cs/mixer/selectlabel
1	0	0	0	0	Sel
1	5	0	260	0	/cs/mixer/record/
1	5	0	3	0	/cs/mixer/solo/
1	5	0	264	0	/cs/mixer/automation/
1	5	0	9	0	/cs/mixer/mute/
1	0	0	0	0	/cs/mixer/track#
1	0	0	0	0	@t#
1	5	0	7	2	/cs/mixer/volume/volume
1	0	0	2	0	/cs/mixer/trackname
1	2	0	0	0	@tn
1	0	0	0	11	/cs/mixer/level
1	5	0	7	2	/cs/mixer/volume/trimvolume
1	5	0	10	2	/cs/mixer/volume/pan
1	0	0	0	0	/cs/mixer/panval
1	5	0	47	2	/cs/mixer/volume/panspread
1	5	0	28	2	/cs/mixer/sends/send1
1	0	0	0	0	/cs/mixer/sends/sendval1
1	5	0	29	2	/cs/mixer/sends/send2
1	0	0	0	0	/cs/mixer/sends/sendval2
1	5	0	30	2	/cs/mixer/sends/send3
1	0	0	0	0	/cs/mixer/sends/sendval3
1	5	0	31	2	/cs/mixer/sends/send4
1	0	0	0	0	/cs/mixer/sends/sendval4
1	0	0	0	32	/cs/mixer/sends/sendname1
1	0	0	0	32	/cs/mixer/sends/sendname2
1	0	0	0	32	/cs/mixer/sends/sendname3
1	0	0	0	32	/cs/mixer/sends/sendname4
1	5	0	288	0	/cs/mixer/sends/sendbypass1
1	5	0	289	0	/cs/mixer/sends/sendbypass2
1	5	0	290	0	/cs/mixer/sends/sendbypass3
1	5	0	291	0	/cs/mixer/sends/sendbypass4
1	5	0	320	0	/cs/mixer/sends/position1
1	5	0	321	0	/cs/mixer/sends/position2
1	5	0	322	0	/cs/mixer/sends/position3
1	5	0	323	0	/cs/mixer/sends/position4
1	5	0	32	2	/cs/mixer/sends/send5
1	0	0	0	0	/cs/mixer/sends/sendval5
1	5	0	33	2	/cs/mixer/sends/send6
1	0	0	0	0	/cs/mixer/sends/sendval6
1	5	0	34	2	/cs/mixer/sends/send7
1	0	0	0	0	/cs/mixer/sends/sendval7
1	5	0	35	2	/cs/mixer/sends/send8
1	0	0	0	0	/cs/mixer/sends/sendval8
1	0	0	0	32	/cs/mixer/sends/sendname5
1	0	0	0	32	/cs/mixer/sends/sendname6
1	0	0	0	32	/cs/mixer/sends/sendname7
1	0	0	0	32	/cs/mixer/sends/sendname8
1	5	0	292	0	/cs/mixer/sends/sendbypass5
1	5	0	293	0	/cs/mixer/sends/sendbypass6
1	5	0	294	0	/cs/mixer/sends/sendbypass7
1	5	0	295	0	/cs/mixer/sends/sendbypass8
1	5	0	324	0	/cs/mixer/sends/position5
1	5	0	325	0	/cs/mixer/sends/position6
1	5	0	326	0	/cs/mixer/sends/position7
1	5	0	327	0	/cs/mixer/sends/position8
1	2	0	0	0	Transport
1	9	5	0	0	/cs/transport/stop
1	9	3	0	0	/cs/transport/play
1	9	15	0	0	/cs/transport/cycle
1	9	7	0	0	/cs/transport/record
1	9	474	0	0	/cs/transport/click
1	9	761	0	0	/undo
1	9	796	0	0	/redo
1	9	1728	0	0	/duplicateTrack
1	10	21	0	0	/cs/bankLeftOffset
1	3	0	0	0	Default
1	0	0	0	0	/cs/transport/time
1	0	0	0	0	/cs/transport/bar
1	9	1272	0	0	/cs/transport/track-
1	9	1273	0	0	/cs/transport/track+
1	9	1330	0	3	/transport/marker-
1	9	1329	0	3	/transport/marker+
1	2	0	0	0	Pages
1	1	1	0	0	/cs/mixer/volume
1	3	0	0	0	Mixer Volume - Select
1	5	20480	7	2	/cs/mixer/mastervolume
1	0	0	2	0	/cs/mixer/mastername
1	2	0	0	0	@tn
1	0	0	0	12	/cs/mixer/masterlevel
1	5	20480	9	0	/cs/mixer/mastermute
1	9	1040	0	3	/cs/mixer/soloreset
1	9	1040	0	0	/cs/mixer/soloactive
1	9	1041	0	3	/cs/mixer/mutereset
1	9	1041	0	0	/cs/mixer/muteactive
1	5	0	259	0	/cs/mixer/select/1
1	0	0	0	0	/cs/mixer/selectlabel1
1	0	0	0	0	Sel
1	5	4096	260	0	/cs/mixer/record/1
1	5	4096	3	0	/cs/mixer/solo/1
1	5	4096	264	0	/cs/mixer/automation/1
1	5	4096	9	0	/cs/mixer/mute/1
1	0	0	0	0	/cs/mixer/track#1
1	0	0	0	0	@t#
1	5	4096	7	2	/cs/mixer/volume/volume1
1	0	0	2	0	/cs/mixer/trackname1
1	2	0	0	0	@tn
1	0	0	0	11	/cs/mixer/level1
1	5	4096	7	2	/cs/mixer/volume/trimvolume1
1	5	4096	10	2	/cs/mixer/volume/pan1
1	0	0	0	0	/cs/mixer/panval1
1	5	4096	47	2	/cs/mixer/volume/panspread1
1	5	4096	28	2	/cs/mixer/sends/send11
1	0	0	0	0	/cs/mixer/sends/sendval11
1	5	4096	29	2	/cs/mixer/sends/send21
1	0	0	0	0	/cs/mixer/sends/sendval21
1	5	4096	30	2	/cs/mixer/sends/send31
1	0	0	0	0	/cs/mixer/sends/sendval31
1	5	4096	31	2	/cs/mixer/sends/send41
1	0	0	0	0	/cs/mixer/sends/sendval41
1	0	0	0	32	/cs/mixer/sends/sendname11
1	0	0	0	32	/cs/mixer/sends/sendname21
1	0	0	0	32	/cs/mixer/sends/sendname31
1	0	0	0	32	/cs/mixer/sends/sendname41
1	5	4096	288	0	/cs/mixer/sends/sendbypass11
1	5	4096	289	0	/cs/mixer/sends/sendbypass21
1	5	4096	290	0	/cs/mixer/sends/sendbypass31
1	5	4096	291	0	/cs/mixer/sends/sendbypass41
1	5	4096	320	0	/cs/mixer/sends/position11
1	5	4096	321	0	/cs/mixer/sends/position21
1	5	4096	322	0	/cs/mixer/sends/position31
1	5	4096	323	0	/cs/mixer/sends/position41
1	5	4096	32	2	/cs/mixer/sends/send51
1	0	0	0	0	/cs/mixer/sends/sendval51
1	5	4096	33	2	/cs/mixer/sends/send61
1	0	0	0	0	/cs/mixer/sends/sendval61
1	5	4096	34	2	/cs/mixer/sends/send71
1	0	0	0	0	/cs/mixer/sends/sendval71
1	5	4096	35	2	/cs/mixer/sends/send81
1	0	0	0	0	/cs/mixer/sends/sendval81
1	0	0	0	32	/cs/mixer/sends/sendname51
1	0	0	0	32	/cs/mixer/sends/sendname61
1	0	0	0	32	/cs/mixer/sends/sendname71
1	0	0	0	32	/cs/mixer/sends/sendname81
1	5	4096	292	0	/cs/mixer/sends/sendbypass51
1	5	4096	293	0	/cs/mixer/sends/sendbypass61
1	5	4096	294	0	/cs/mixer/sends/sendbypass71
1	5	4096	295	0	/cs/mixer/sends/sendbypass81
