# Derived from touchosc plug-in default assignments (Logic 12.3.1/6682) via Tools/ghidra/remote_table.py. Layout inferred (SA-002); kind/sub/param are Assign fields +0x3a/+0x3e/+0x40 (hypothesis).
model	kind	sub	param	flags	address
None	2	0	0	0	Transport
None	3	0	0	0	Default
None	9	10	0	0	/1/rewind
None	9	11	0	0	/1/forward
None	3	0	0	0	By Marker
None	9	1330	0	3	/1/rewind
None	9	1329	0	3	/1/forward
None	3	0	0	0	By Cycle
None	4	4	0	3	/rewind
None	4	4	0	3	/forward
None	2	0	0	0	Pages
None	1	3	0	0	/1
None	1	4	0	0	/2
None	1	5	0	0	/3
None	3	0	0	0	1
None	0	0	0	0	/1
None	5	4096	7	2	/1/volume
None	0	0	2	0	/1/trackname
None	2	0	0	0	@tn
None	0	0	0	24	/1/trkvolval
None	5	4096	10	2	/1/pan
None	0	0	0	0	/1/trkpanval
None	9	1013	0	0	/1/atmread
None	9	1015	0	0	/1/atmlatch
None	9	1014	0	0	/1/atmtouch
None	9	1012	0	0	/1/atmoff
None	9	1272	0	0	/1/track-
None	9	1273	0	0	/1/track+
None	5	4096	3	4	/1/solo
None	5	4096	266	4	/1/input
None	5	4096	260	4	/1/recenable
None	5	4096	9	4	/1/mute
None	1	1	0	1	/1/bymarker
None	1	2	0	1	/1/bycycle
None	9	474	0	0	/1/click
None	9	15	0	0	/1/cycle
None	9	5	0	0	/1/stop
None	9	3	0	0	/1/play
None	9	7	0	0	/1/record
None	3	0	0	0	2
None	0	0	0	0	/2
None	5	4096	56	0	/2/insertbypass/1/1
None	5	4096	57	0	/2/insertbypass/1/2
None	5	4096	58	0	/2/insertbypass/1/3
None	5	4096	59	0	/2/insertbypass/1/4
None	5	4096	60	0	/2/insertbypass/1/5
None	5	4096	61	0	/2/insertbypass/1/6
None	5	4096	62	0	/2/insertbypass/1/7
None	5	4096	63	0	/2/insertbypass/1/8
None	0	0	0	0	/2/insertname1
None	0	0	0	0	/2/insertname2
None	0	0	0	0	/2/insertname3
None	0	0	0	0	/2/insertname4
None	0	0	0	0	/2/insertname5
None	0	0	0	0	/2/insertname6
None	0	0	0	0	/2/insertname7
None	0	0	0	0	/2/insertname8
None	5	4096	28	2	/2/sendlevel/1
None	0	0	0	0	/2/sendval1
None	5	4096	29	2	/2/sendlevel/2
None	0	0	0	0	/2/sendval2
None	5	4096	30	2	/2/sendlevel/3
None	0	0	0	0	/2/sendval3
None	5	4096	31	2	/2/sendlevel/4
None	0	0	0	0	/2/sendval4
None	0	0	0	32	/2/sendname1
None	0	0	0	32	/2/sendname2
None	0	0	0	32	/2/sendname3
None	0	0	0	32	/2/sendname4
None	5	4096	8704	2	/2/fxpar1
None	0	0	2	0	/2/parname1
None	2	0	0	0	@tp
None	0	0	0	0	/2/parval1
None	5	4096	8705	2	/2/fxpar2
None	0	0	2	0	/2/parname2
None	2	0	0	0	@tp
None	0	0	0	0	/2/parval2
None	5	4096	8706	2	/2/fxpar3
None	0	0	2	0	/2/parname3
None	2	0	0	0	@tp
None	0	0	0	0	/2/parval3
None	5	4096	8707	2	/2/fxpar4
None	0	0	2	0	/2/parname4
None	2	0	0	0	@tp
None	0	0	0	0	/2/parval4
None	0	0	0	0	/2/slot#
None	0	0	0	0	@p#
None	0	0	0	0	/2/plugname
None	10	10	0	3	/2/slot-
None	10	10	0	3	/2/slot+
None	0	0	0	0	/2/page#
None	0	0	0	0	@pb
None	10	11	1	3	/2/page-
None	10	11	1	3	/2/page+
None	3	0	0	0	3
None	0	0	0	0	/3
None	5	4096	576	0	/3/eqon1
None	5	4096	577	0	/3/eqon2
None	5	4096	578	0	/3/eqon3
None	5	4096	579	0	/3/eqon4
None	5	4096	580	0	/3/eqon5
None	5	4096	581	0	/3/eqon6
None	5	4096	582	0	/3/eqon7
None	5	4096	583	0	/3/eqon8
None	5	4096	528	2	/3/hpffrq
None	5	4096	529	2	/3/frq/1
None	5	4096	530	2	/3/frq/2
None	5	4096	531	2	/3/frq/3
None	5	4096	532	2	/3/frq/4
None	5	4096	533	2	/3/frq/5
None	5	4096	534	2	/3/frq/6
None	5	4096	535	2	/3/lpffrq
None	5	4096	560	2	/3/hpfq
None	5	4096	545	2	/3/gain/1
None	5	4096	546	2	/3/gain/2
None	5	4096	547	2	/3/gain/3
None	5	4096	548	2	/3/gain/4
None	5	4096	549	2	/3/gain/5
None	5	4096	550	2	/3/gain/6
None	5	4096	567	2	/3/lpfq
None	5	4096	544	3	/3/push1+
None	5	4096	561	3	/3/push2+
None	5	4096	562	3	/3/push3+
None	5	4096	563	3	/3/push4+
None	5	4096	564	3	/3/push5+
None	5	4096	565	3	/3/push6+
None	5	4096	566	3	/3/push7+
None	5	4096	551	3	/3/push8+
None	5	4096	544	3	/3/push1-
None	5	4096	561	3	/3/push2-
None	5	4096	562	3	/3/push3-
None	5	4096	563	3	/3/push4-
None	5	4096	564	3	/3/push5-
None	5	4096	565	3	/3/push6-
None	5	4096	566	3	/3/push7-
None	5	4096	551	3	/3/push8-
None	2	0	0	0	Transport
None	3	0	0	0	Default
None	9	10	0	0	/rewind
None	9	11	0	0	/forward
None	3	0	0	0	By Marker
None	9	1330	0	3	/rewind
None	9	1329	0	3	/forward
None	3	0	0	0	By Cycle
None	4	4	0	3	/rewind
None	4	4	0	3	/forward
None	2	0	0	0	Select buttons
None	3	0	0	0	Select
None	5	0	259	0	/1/select/1/1
None	0	0	0	0	/1/selectlabel1
None	0	0	0	0	Sel
None	5	1	259	0	/1/select/1/2
None	0	0	0	0	/1/selectlabel2
None	0	0	0	0	Sel
None	5	2	259	0	/1/select/1/3
None	0	0	0	0	/1/selectlabel3
None	0	0	0	0	Sel
None	5	3	259	0	/1/select/1/4
None	0	0	0	0	/1/selectlabel4
None	0	0	0	0	Sel
None	5	4	259	0	/1/select/1/5
None	0	0	0	0	/1/selectlabel5
None	0	0	0	0	Sel
None	5	5	259	0	/1/select/1/6
None	0	0	0	0	/1/selectlabel6
None	0	0	0	0	Sel
None	5	6	259	0	/1/select/1/7
None	0	0	0	0	/1/selectlabel7
None	0	0	0	0	Sel
None	5	7	259	0	/1/select/1/8
None	0	0	0	0	/1/selectlabel8
None	0	0	0	0	Sel
None	5	0	259	0	/2/select/1/1
None	0	0	0	0	/2/selectlabel1
None	0	0	0	0	Sel
None	5	1	259	0	/2/select/1/2
None	0	0	0	0	/2/selectlabel2
None	0	0	0	0	Sel
None	5	2	259	0	/2/select/1/3
None	0	0	0	0	/2/selectlabel3
None	0	0	0	0	Sel
None	5	3	259	0	/2/select/1/4
None	0	0	0	0	/2/selectlabel4
None	0	0	0	0	Sel
None	5	4	259	0	/2/select/1/5
None	0	0	0	0	/2/selectlabel5
None	0	0	0	0	Sel
None	5	5	259	0	/2/select/1/6
None	0	0	0	0	/2/selectlabel6
None	0	0	0	0	Sel
None	5	6	259	0	/2/select/1/7
None	0	0	0	0	/2/selectlabel7
None	0	0	0	0	Sel
None	5	7	259	0	/2/select/1/8
None	0	0	0	0	/2/selectlabel8
None	0	0	0	0	Sel
None	0	0	0	0	/1/select/color
None	0	0	0	0	gray
None	0	0	0	0	/1/selectlabel1/color
None	0	0	0	0	gray
None	0	0	0	0	/1/selectlabel2/color
None	0	0	0	0	gray
None	0	0	0	0	/1/selectlabel3/color
None	0	0	0	0	gray
None	0	0	0	0	/1/selectlabel4/color
None	0	0	0	0	gray
None	0	0	0	0	/1/selectlabel5/color
None	0	0	0	0	gray
None	0	0	0	0	/1/selectlabel6/color
None	0	0	0	0	gray
None	0	0	0	0	/1/selectlabel7/color
None	0	0	0	0	gray
None	0	0	0	0	/1/selectlabel8/color
None	0	0	0	0	gray
None	0	0	0	0	/2/select/color
None	0	0	0	0	gray
None	0	0	0	0	/2/selectlabel1/color
None	0	0	0	0	gray
None	0	0	0	0	/2/selectlabel2/color
None	0	0	0	0	gray
None	0	0	0	0	/2/selectlabel3/color
None	0	0	0	0	gray
None	0	0	0	0	/2/selectlabel4/color
None	0	0	0	0	gray
None	0	0	0	0	/2/selectlabel5/color
None	0	0	0	0	gray
None	0	0	0	0	/2/selectlabel6/color
None	0	0	0	0	gray
None	0	0	0	0	/2/selectlabel7/color
None	0	0	0	0	gray
None	0	0	0	0	/2/selectlabel8/color
None	0	0	0	0	gray
None	3	0	0	0	Rec Rdy
None	5	0	260	0	/1/select/1/1
None	0	0	0	0	/1/selectlabel1
None	0	0	0	0	R
None	5	1	260	0	/1/select/1/2
None	0	0	0	0	/1/selectlabel2
None	0	0	0	0	R
None	5	2	260	0	/1/select/1/3
None	0	0	0	0	/1/selectlabel3
None	0	0	0	0	R
None	5	3	260	0	/1/select/1/4
None	0	0	0	0	/1/selectlabel4
None	0	0	0	0	R
None	5	4	260	0	/1/select/1/5
None	0	0	0	0	/1/selectlabel5
None	0	0	0	0	R
None	5	5	260	0	/1/select/1/6
None	0	0	0	0	/1/selectlabel6
None	0	0	0	0	R
None	5	6	260	0	/1/select/1/7
None	0	0	0	0	/1/selectlabel7
None	0	0	0	0	R
None	5	7	260	0	/1/select/1/8
None	0	0	0	0	/1/selectlabel8
None	0	0	0	0	R
None	5	0	260	0	/2/select/1/1
None	0	0	0	0	/2/selectlabel1
None	0	0	0	0	R
None	5	1	260	0	/2/select/1/2
None	0	0	0	0	/2/selectlabel2
None	0	0	0	0	R
None	5	2	260	0	/2/select/1/3
None	0	0	0	0	/2/selectlabel3
None	0	0	0	0	R
None	5	3	260	0	/2/select/1/4
None	0	0	0	0	/2/selectlabel4
None	0	0	0	0	R
None	5	4	260	0	/2/select/1/5
None	0	0	0	0	/2/selectlabel5
None	0	0	0	0	R
None	5	5	260	0	/2/select/1/6
None	0	0	0	0	/2/selectlabel6
None	0	0	0	0	R
None	5	6	260	0	/2/select/1/7
None	0	0	0	0	/2/selectlabel7
None	0	0	0	0	R
None	5	7	260	0	/2/select/1/8
None	0	0	0	0	/2/selectlabel8
None	0	0	0	0	R
None	0	0	0	0	/1/select/color
None	0	0	0	0	red
None	0	0	0	0	/1/selectlabel1/color
None	0	0	0	0	red
None	0	0	0	0	/1/selectlabel2/color
None	0	0	0	0	red
None	0	0	0	0	/1/selectlabel3/color
None	0	0	0	0	red
None	0	0	0	0	/1/selectlabel4/color
None	0	0	0	0	red
None	0	0	0	0	/1/selectlabel5/color
None	0	0	0	0	red
None	0	0	0	0	/1/selectlabel6/color
None	0	0	0	0	red
None	0	0	0	0	/1/selectlabel7/color
None	0	0	0	0	red
None	0	0	0	0	/1/selectlabel8/color
None	0	0	0	0	red
None	0	0	0	0	/2/select/color
None	0	0	0	0	red
None	0	0	0	0	/2/selectlabel1/color
None	0	0	0	0	red
None	0	0	0	0	/2/selectlabel2/color
None	0	0	0	0	red
None	0	0	0	0	/2/selectlabel3/color
None	0	0	0	0	red
None	0	0	0	0	/2/selectlabel4/color
None	0	0	0	0	red
None	0	0	0	0	/2/selectlabel5/color
None	0	0	0	0	red
None	0	0	0	0	/2/selectlabel6/color
None	0	0	0	0	red
None	0	0	0	0	/2/selectlabel7/color
None	0	0	0	0	red
None	0	0	0	0	/2/selectlabel8/color
None	0	0	0	0	red
None	2	0	0	0	Pages
None	1	5	0	0	/1
None	1	6	0	0	/2
None	1	7	0	0	/3
None	1	8	0	0	/4
None	1	9	0	0	/5
None	3	0	0	0	1
None	0	0	0	0	/1
None	10	21	1	3	/1/bank-
None	10	21	1	3	/1/bank+
None	9	1040	0	3	/1/soloreset
None	9	1040	0	0	/1/ledanysolo
None	1	4	0	1	/1/sel-rec
None	5	0	3	0	/1/solo/1/1
None	5	1	3	0	/1/solo/1/2
None	5	2	3	0	/1/solo/1/3
None	5	3	3	0	/1/solo/1/4
None	5	4	3	0	/1/solo/1/5
None	5	5	3	0	/1/solo/1/6
None	5	6	3	0	/1/solo/1/7
None	5	7	3	0	/1/solo/1/8
None	5	0	7	2	/1/volume1
None	0	0	2	0	/1/trackname1
None	2	0	0	0	@tn
None	0	0	0	12	/1/level1
None	5	1	7	2	/1/volume2
None	0	0	2	0	/1/trackname2
None	2	0	0	0	@tn
None	0	0	0	12	/1/level2
None	5	2	7	2	/1/volume3
None	0	0	2	0	/1/trackname3
None	2	0	0	0	@tn
None	0	0	0	12	/1/level3
None	5	3	7	2	/1/volume4
None	0	0	2	0	/1/trackname4
None	2	0	0	0	@tn
None	0	0	0	12	/1/level4
None	5	4	7	2	/1/volume5
None	0	0	2	0	/1/trackname5
None	2	0	0	0	@tn
None	0	0	0	12	/1/level5
None	5	5	7	2	/1/volume6
None	0	0	2	0	/1/trackname6
None	2	0	0	0	@tn
None	0	0	0	12	/1/level6
None	5	6	7	2	/1/volume7
None	0	0	2	0	/1/trackname7
None	2	0	0	0	@tn
None	0	0	0	12	/1/level7
None	5	7	7	2	/1/volume8
None	0	0	2	0	/1/trackname8
None	2	0	0	0	@tn
None	0	0	0	12	/1/level8
None	5	-24576	7	2	/1/auxvolume1
None	0	0	2	0	/1/auxname1
None	2	0	0	0	@tn
None	0	0	0	12	/1/auxlevel1
None	5	20480	7	2	/1/mastervolume
None	0	0	2	0	/1/mastername
None	2	0	0	0	@tn
None	0	0	0	12	/1/masterlevel
None	5	0	9	0	/1/mute/1/1
None	0	0	0	0	/1/track#1
None	0	0	0	0	@t#
None	5	1	9	0	/1/mute/1/2
None	0	0	0	0	/1/track#2
None	0	0	0	0	@t#
None	5	2	9	0	/1/mute/1/3
None	0	0	0	0	/1/track#3
None	0	0	0	0	@t#
None	5	3	9	0	/1/mute/1/4
None	0	0	0	0	/1/track#4
None	0	0	0	0	@t#
None	5	4	9	0	/1/mute/1/5
None	0	0	0	0	/1/track#5
None	0	0	0	0	@t#
None	5	5	9	0	/1/mute/1/6
None	0	0	0	0	/1/track#6
None	0	0	0	0	@t#
None	5	6	9	0	/1/mute/1/7
None	0	0	0	0	/1/track#7
None	0	0	0	0	@t#
None	5	7	9	0	/1/mute/1/8
None	0	0	0	0	/1/track#8
None	0	0	0	0	@t#
None	9	5	0	0	/1/stop
None	9	3	0	0	/1/play
None	9	15	0	0	/1/cycle
None	9	7	0	0	/1/record
None	0	0	0	0	/1/time
None	0	0	0	0	/1/bar
None	9	20	0	0	/1/replace
None	9	474	0	0	/1/click
None	1	1	0	1	/1/bymarker
None	1	2	0	1	/1/bycycle
None	3	0	0	0	2
None	0	0	0	0	/2
None	10	21	1	3	/2/bank-
None	10	21	1	3	/2/bank+
None	9	1040	0	3	/2/soloreset
None	9	1040	0	0	/2/ledanysolo
None	1	4	0	1	/2/sel-rec
None	5	0	3	0	/2/solo/1/1
None	5	1	3	0	/2/solo/1/2
None	5	2	3	0	/2/solo/1/3
None	5	3	3	0	/2/solo/1/4
None	5	4	3	0	/2/solo/1/5
None	5	5	3	0	/2/solo/1/6
None	5	6	3	0	/2/solo/1/7
None	5	7	3	0	/2/solo/1/8
None	5	0	28	2	/2/send11
None	0	0	2	0	/2/trackname1
None	2	0	0	0	@tn
None	0	0	0	12	/2/sendval11
None	5	1	28	2	/2/send12
None	0	0	2	0	/2/trackname2
None	2	0	0	0	@tn
None	0	0	0	12	/2/sendval12
None	5	2	28	2	/2/send13
None	0	0	2	0	/2/trackname3
None	2	0	0	0	@tn
None	0	0	0	12	/2/sendval13
None	5	3	28	2	/2/send14
None	0	0	2	0	/2/trackname4
None	2	0	0	0	@tn
None	0	0	0	12	/2/sendval14
None	5	4	28	2	/2/send15
None	0	0	2	0	/2/trackname5
None	2	0	0	0	@tn
None	0	0	0	12	/2/sendval15
None	5	5	28	2	/2/send16
None	0	0	2	0	/2/trackname6
None	2	0	0	0	@tn
None	0	0	0	12	/2/sendval16
None	5	6	28	2	/2/send17
None	0	0	2	0	/2/trackname7
None	2	0	0	0	@tn
None	0	0	0	12	/2/sendval17
None	5	7	28	2	/2/send18
None	0	0	2	0	/2/trackname8
None	2	0	0	0	@tn
None	0	0	0	12	/2/sendval18
None	5	0	29	2	/2/send21
None	0	0	0	0	/2/sendval21
None	5	1	29	2	/2/send22
None	0	0	0	0	/2/sendval22
None	5	2	29	2	/2/send23
None	0	0	0	0	/2/sendval23
None	5	3	29	2	/2/send24
None	0	0	0	0	/2/sendval24
None	5	4	29	2	/2/send25
None	0	0	0	0	/2/sendval25
None	5	5	29	2	/2/send26
None	0	0	0	0	/2/sendval26
None	5	6	29	2	/2/send27
None	0	0	0	0	/2/sendval27
None	5	7	29	2	/2/send28
None	0	0	0	0	/2/sendval28
None	5	0	30	2	/2/send31
None	0	0	0	0	/2/sendval31
None	5	1	30	2	/2/send32
None	0	0	0	0	/2/sendval32
None	5	2	30	2	/2/send33
None	0	0	0	0	/2/sendval33
None	5	3	30	2	/2/send34
None	0	0	0	0	/2/sendval34
None	5	4	30	2	/2/send35
None	0	0	0	0	/2/sendval35
None	5	5	30	2	/2/send36
None	0	0	0	0	/2/sendval36
None	5	6	30	2	/2/send37
None	0	0	0	0	/2/sendval37
None	5	7	30	2	/2/send38
None	0	0	0	0	/2/sendval38
None	0	0	0	32	/2/sendname11
None	0	0	0	32	/2/sendname12
None	0	0	0	32	/2/sendname13
None	0	0	0	32	/2/sendname14
None	0	0	0	32	/2/sendname15
None	0	0	0	32	/2/sendname16
None	0	0	0	32	/2/sendname17
None	0	0	0	32	/2/sendname18
None	0	0	0	32	/2/sendname21
None	0	0	0	32	/2/sendname22
None	0	0	0	32	/2/sendname23
None	0	0	0	32	/2/sendname24
None	0	0	0	32	/2/sendname25
None	0	0	0	32	/2/sendname26
None	0	0	0	32	/2/sendname27
None	0	0	0	32	/2/sendname28
None	0	0	0	32	/2/sendname31
None	0	0	0	32	/2/sendname32
None	0	0	0	32	/2/sendname33
None	0	0	0	32	/2/sendname34
None	0	0	0	32	/2/sendname35
None	0	0	0	32	/2/sendname36
None	0	0	0	32	/2/sendname37
None	0	0	0	32	/2/sendname38
None	5	0	10	2	/2/pan1
None	0	0	0	0	/2/panval1
None	5	1	10	2	/2/pan2
None	0	0	0	0	/2/panval2
None	5	2	10	2	/2/pan3
None	0	0	0	0	/2/panval3
None	5	3	10	2	/2/pan4
None	0	0	0	0	/2/panval4
None	5	4	10	2	/2/pan5
None	0	0	0	0	/2/panval5
None	5	5	10	2	/2/pan6
None	0	0	0	0	/2/panval6
None	5	6	10	2	/2/pan7
None	0	0	0	0	/2/panval7
None	5	7	10	2	/2/pan8
None	0	0	0	0	/2/panval8
None	5	-24575	7	2	/2/auxvolume2
None	0	0	2	0	/2/auxname2
None	2	0	0	0	@tn
None	0	0	0	12	/2/auxlevel2
None	5	-24574	7	2	/2/auxvolume3
None	0	0	2	0	/2/auxname3
None	2	0	0	0	@tn
None	0	0	0	12	/2/auxlevel3
None	5	0	9	0	/2/mute/1/1
None	0	0	0	0	/2/track#1
None	0	0	0	0	@t#
None	5	1	9	0	/2/mute/1/2
None	0	0	0	0	/2/track#2
None	0	0	0	0	@t#
None	5	2	9	0	/2/mute/1/3
None	0	0	0	0	/2/track#3
None	0	0	0	0	@t#
None	5	3	9	0	/2/mute/1/4
None	0	0	0	0	/2/track#4
None	0	0	0	0	@t#
None	5	4	9	0	/2/mute/1/5
None	0	0	0	0	/2/track#5
None	0	0	0	0	@t#
None	5	5	9	0	/2/mute/1/6
None	0	0	0	0	/2/track#6
None	0	0	0	0	@t#
None	5	6	9	0	/2/mute/1/7
None	0	0	0	0	/2/track#7
None	0	0	0	0	@t#
None	5	7	9	0	/2/mute/1/8
None	0	0	0	0	/2/track#8
None	0	0	0	0	@t#
None	9	5	0	0	/2/stop
None	9	3	0	0	/2/play
None	9	15	0	0	/2/cycle
None	9	7	0	0	/2/record
None	0	0	0	0	/2/time
None	0	0	0	0	/2/bar
None	9	20	0	0	/2/replace
None	9	474	0	0	/2/click
None	1	1	0	1	/2/bymarker
None	1	2	0	1	/2/bycycle
None	3	0	0	0	3
None	0	0	0	0	/3
None	0	0	0	0	/3/trackname
None	0	0	0	0	@tn
None	0	0	0	0	/3/track#
None	0	0	0	0	@t#
None	9	1272	0	0	/3/track-
None	9	1273	0	0	/3/track+
None	5	4096	7	2	/3/volume
None	0	0	0	5	/3/trkvolval
None	5	4096	10	2	/3/pan
None	0	0	0	8	/3/trkpanval
None	9	1013	0	0	/3/atmread
None	9	1012	0	0	/3/atmoff
None	9	1015	0	0	/3/atmlatch
None	9	1014	0	0	/3/atmtouch
None	9	1016	0	0	/3/atmwrite
None	5	4096	266	4	/3/input
None	5	4096	260	4	/3/recenable
None	5	4096	9	4	/3/mute
None	5	4096	3	4	/3/solo
None	5	4096	28	2	/3/sendlevel1
None	0	0	0	0	/3/sendval1
None	5	4096	29	2	/3/sendlevel2
None	0	0	0	0	/3/sendval2
None	5	4096	30	2	/3/sendlevel3
None	0	0	0	0	/3/sendval3
None	5	4096	31	2	/3/sendlevel4
None	0	0	0	0	/3/sendval4
None	5	4096	32	2	/3/sendlevel5
None	0	0	0	0	/3/sendval5
None	0	0	0	0	/3/sendname1
None	0	0	0	0	/3/sendname2
None	0	0	0	0	/3/sendname3
None	0	0	0	0	/3/sendname4
None	0	0	0	0	/3/sendname5
None	5	4096	56	0	/3/insertbypass/12/1
None	5	4096	57	0	/3/insertbypass/11/1
None	5	4096	58	0	/3/insertbypass/10/1
None	5	4096	59	0	/3/insertbypass/9/1
None	5	4096	60	0	/3/insertbypass/8/1
None	5	4096	61	0	/3/insertbypass/7/1
None	5	4096	62	0	/3/insertbypass/6/1
None	5	4096	63	0	/3/insertbypass/5/1
None	5	4096	64	0	/3/insertbypass/4/1
None	5	4096	65	0	/3/insertbypass/3/1
None	5	4096	66	0	/3/insertbypass/2/1
None	5	4096	67	0	/3/insertbypass/1/1
None	0	0	0	12	/3/insertname1
None	0	0	0	12	/3/insertname2
None	0	0	0	12	/3/insertname3
None	0	0	0	12	/3/insertname4
None	0	0	0	12	/3/insertname5
None	0	0	0	12	/3/insertname6
None	0	0	0	12	/3/insertname7
None	0	0	0	12	/3/insertname8
None	0	0	0	12	/3/insertname9
None	0	0	0	12	/3/insertname10
None	0	0	0	12	/3/insertname11
None	0	0	0	12	/3/insertname12
None	10	10	0	0	/3/mInsertEdit/12/1
None	10	10	1	0	/3/mInsertEdit/11/1
None	10	10	2	0	/3/mInsertEdit/10/1
None	10	10	3	0	/3/mInsertEdit/9/1
None	10	10	4	0	/3/mInsertEdit/8/1
None	10	10	5	0	/3/mInsertEdit/7/1
None	10	10	6	0	/3/mInsertEdit/6/1
None	10	10	7	0	/3/mInsertEdit/5/1
None	10	10	8	0	/3/mInsertEdit/4/1
None	10	10	9	0	/3/mInsertEdit/3/1
None	10	10	10	0	/3/mInsertEdit/2/1
None	10	10	11	0	/3/mInsertEdit/1/1
None	0	0	0	32	/3/pluginname
None	0	0	0	0	/3/page#
None	0	0	0	0	@pb
None	10	11	1	3	/3/page-
None	10	11	1	3	/3/page+
None	5	4096	8704	2	/3/par1
None	0	0	2	0	/3/parname1
None	2	0	0	0	@tp
None	0	0	0	0	/3/value1
None	5	4096	8705	2	/3/par2
None	0	0	2	0	/3/parname2
None	2	0	0	0	@tp
None	0	0	0	0	/3/value2
None	5	4096	8706	2	/3/par3
None	0	0	2	0	/3/parname3
None	2	0	0	0	@tp
None	0	0	0	0	/3/value3
None	5	4096	8707	2	/3/par4
None	0	0	2	0	/3/parname4
None	2	0	0	0	@tp
None	0	0	0	0	/3/value4
None	5	4096	8708	2	/3/par5
None	0	0	2	0	/3/parname5
None	2	0	0	0	@tp
None	0	0	0	0	/3/value5
None	5	4096	8709	2	/3/par6
None	0	0	2	0	/3/parname6
None	2	0	0	0	@tp
None	0	0	0	0	/3/value6
None	5	4096	8710	2	/3/par7
None	0	0	2	0	/3/parname7
None	2	0	0	0	@tp
None	0	0	0	0	/3/value7
None	5	4096	8711	2	/3/par8
None	0	0	2	0	/3/parname8
None	2	0	0	0	@tp
None	0	0	0	0	/3/value8
None	5	4096	8712	2	/3/par9
None	0	0	2	0	/3/parname9
None	2	0	0	0	@tp
None	0	0	0	0	/3/value9
None	5	4096	8713	2	/3/par10
None	0	0	2	0	/3/parname10
None	2	0	0	0	@tp
None	0	0	0	0	/3/value10
None	5	4096	8714	2	/3/par11
None	0	0	2	0	/3/parname11
None	2	0	0	0	@tp
None	0	0	0	0	/3/value11
None	5	4096	8715	2	/3/par12
None	0	0	2	0	/3/parname12
None	2	0	0	0	@tp
None	0	0	0	0	/3/value12
None	5	4096	8716	2	/3/par13
None	0	0	2	0	/3/parname13
None	2	0	0	0	@tp
None	0	0	0	0	/3/value13
None	5	4096	8717	2	/3/par14
None	0	0	2	0	/3/parname14
None	2	0	0	0	@tp
None	0	0	0	0	/3/value14
None	5	4096	8718	2	/3/par15
None	0	0	2	0	/3/parname15
None	2	0	0	0	@tp
None	0	0	0	0	/3/value15
None	5	4096	8719	2	/3/par16
None	0	0	2	0	/3/parname16
None	2	0	0	0	@tp
None	0	0	0	0	/3/value16
None	9	5	0	0	/3/stop
None	9	3	0	0	/3/play
None	9	15	0	0	/3/cycle
None	9	7	0	0	/3/record
None	0	0	0	0	/3/time
None	0	0	0	0	/3/bar
None	9	20	0	0	/3/replace
None	9	474	0	0	/3/click
None	3	0	0	0	4
None	0	0	0	0	/4
None	0	0	0	0	/4/trackname
None	0	0	0	0	@tn
None	0	0	0	0	/4/track#
None	0	0	0	0	@t#
None	9	1272	0	0	/4/track-
None	9	1273	0	0	/4/track+
None	5	4096	16416	2	/4/eqmstgain
None	0	0	0	0	/4/eqmstgainval
None	5	4096	16425	0	/4/qcoupling
None	5	4096	576	0	/4/eqbandbyp/1/1
None	5	4096	577	0	/4/eqbandbyp/1/2
None	5	4096	578	0	/4/eqbandbyp/1/3
None	5	4096	579	0	/4/eqbandbyp/1/4
None	5	4096	580	0	/4/eqbandbyp/1/5
None	5	4096	581	0	/4/eqbandbyp/1/6
None	5	4096	582	0	/4/eqbandbyp/1/7
None	5	4096	583	0	/4/eqbandbyp/1/8
None	5	4096	528	2	/4/hpffrq
None	0	0	0	0	/4/hpffrqval
None	5	4096	545	2	/4/gain/1
None	0	0	0	0	/4/loslvgainval
None	5	4096	546	2	/4/gain/2
None	0	0	0	0	/4/logainval
None	5	4096	547	2	/4/gain/3
None	0	0	0	0	/4/lomidgainval
None	5	4096	548	2	/4/gain/4
None	0	0	0	0	/4/himidgainval
None	5	4096	549	2	/4/gain/5
None	0	0	0	0	/4/higainval
None	5	4096	550	2	/4/gain/6
None	0	0	0	0	/4/hislvgainval
None	5	4096	535	2	/4/lpffrq
None	0	0	0	0	/4/lpffrqval
None	5	4096	544	2	/4/hpfslp
None	0	0	0	0	/4/hpfslpval
None	5	4096	529	2	/4/loslvfrq
None	0	0	0	0	/4/loslvfrqval
None	5	4096	530	2	/4/lofrq
None	0	0	0	0	/4/lofrqval
None	5	4096	531	2	/4/lomidfrq
None	0	0	0	0	/4/lomidfrqval
None	5	4096	532	2	/4/himidfrq
None	0	0	0	0	/4/himidfrqval
None	5	4096	533	2	/4/hifrq
None	0	0	0	0	/4/hifrqval
None	5	4096	534	2	/4/hislvfrq
None	0	0	0	0	/4/hislvfrqval
None	5	4096	551	2	/4/lpfslp
None	0	0	0	0	/4/lpfslpval
None	5	4096	560	2	/4/hpfq
None	0	0	0	0	/4/hpfqval
None	5	4096	561	2	/4/loslvq
None	0	0	0	0	/4/loslvqval
None	5	4096	562	2	/4/lowq
None	0	0	0	0	/4/loqval
None	5	4096	563	2	/4/lomidq
None	0	0	0	0	/4/lomidqval
None	5	4096	564	2	/4/himidq
None	0	0	0	0	/4/himidqval
None	5	4096	565	2	/4/hiq
None	0	0	0	0	/4/hiqval
None	5	4096	566	2	/4/hislvq
None	0	0	0	0	/4/hislvqval
None	5	4096	567	2	/4/lpfq
None	0	0	0	0	/4/lpfqval
None	9	5	0	0	/4/stop
None	9	3	0	0	/4/play
None	9	15	0	0	/4/cycle
None	9	7	0	0	/4/record
None	0	0	0	0	/4/time
None	0	0	0	0	/4/bar
None	9	20	0	0	/4/replace
None	9	474	0	0	/4/click
None	3	0	0	0	5
None	0	0	0	0	/5
None	0	0	0	0	/5/trackname
None	0	0	0	0	@tn
None	0	0	0	0	/5/track#
None	0	0	0	0	@t#
None	9	1272	0	0	/5/track-
None	9	1273	0	0	/5/track+
None	0	0	0	32	/5/pluginname
None	0	0	0	0	/5/page#
None	0	0	0	0	@ib
None	10	9	1	3	/5/page-
None	10	9	1	3	/5/page+
None	5	4096	8960	2	/5/par1
None	0	0	2	0	/5/parname1
None	2	0	0	0	@tp
None	0	0	0	12	/5/parval1
None	5	4096	8961	2	/5/par2
None	0	0	2	0	/5/parname2
None	2	0	0	0	@tp
None	0	0	0	12	/5/parval2
None	5	4096	8962	2	/5/par3
None	0	0	2	0	/5/parname3
None	2	0	0	0	@tp
None	0	0	0	12	/5/parval3
None	5	4096	8963	2	/5/par4
None	0	0	2	0	/5/parname4
None	2	0	0	0	@tp
None	0	0	0	12	/5/parval4
None	5	4096	8964	2	/5/par5
None	0	0	2	0	/5/parname5
None	2	0	0	0	@tp
None	0	0	0	12	/5/parval5
None	5	4096	8965	2	/5/par6
None	0	0	2	0	/5/parname6
None	2	0	0	0	@tp
None	0	0	0	12	/5/parval6
None	5	4096	8966	2	/5/par7
None	0	0	2	0	/5/parname7
None	2	0	0	0	@tp
None	0	0	0	12	/5/parval7
None	5	4096	8967	2	/5/par8
None	0	0	2	0	/5/parname8
None	2	0	0	0	@tp
None	0	0	0	12	/5/parval8
None	5	4096	8968	2	/5/par9
None	0	0	2	0	/5/parname9
None	2	0	0	0	@tp
None	0	0	0	12	/5/parval9
None	5	4096	8969	2	/5/par10
None	0	0	2	0	/5/parname10
None	2	0	0	0	@tp
None	0	0	0	12	/5/parval10
None	5	4096	8970	2	/5/par11
None	0	0	2	0	/5/parname11
None	2	0	0	0	@tp
None	0	0	0	12	/5/parval11
None	5	4096	8971	2	/5/par12
None	0	0	2	0	/5/parname12
None	2	0	0	0	@tp
None	0	0	0	12	/5/parval12
None	5	4096	8972	2	/5/par13
None	0	0	2	0	/5/parname13
None	2	0	0	0	@tp
None	0	0	0	12	/5/parval13
None	5	4096	8973	2	/5/par14
None	0	0	2	0	/5/parname14
None	2	0	0	0	@tp
None	0	0	0	12	/5/parval14
None	5	4096	8974	2	/5/par15
None	0	0	2	0	/5/parname15
None	2	0	0	0	@tp
None	0	0	0	12	/5/parval15
None	5	4096	8975	2	/5/par16
None	0	0	2	0	/5/parname16
None	2	0	0	0	@tp
None	0	0	0	12	/5/parval16
None	5	4096	8976	2	/5/par17
None	0	0	2	0	/5/parname17
None	2	0	0	0	@tp
None	0	0	0	12	/5/parval17
None	5	4096	8977	2	/5/par18
None	0	0	2	0	/5/parname18
None	2	0	0	0	@tp
None	0	0	0	12	/5/parval18
None	5	4096	8978	2	/5/par19
None	0	0	2	0	/5/parname19
None	2	0	0	0	@tp
None	0	0	0	12	/5/parval19
None	5	4096	8979	2	/5/par20
None	0	0	2	0	/5/parname20
None	2	0	0	0	@tp
None	0	0	0	12	/5/parval20
None	5	4096	8980	2	/5/par21
None	0	0	2	0	/5/parname21
None	2	0	0	0	@tp
None	0	0	0	12	/5/parval21
None	5	4096	8981	2	/5/par22
None	0	0	2	0	/5/parname22
None	2	0	0	0	@tp
None	0	0	0	12	/5/parval22
None	5	4096	8982	2	/5/par23
None	0	0	2	0	/5/parname23
None	2	0	0	0	@tp
None	0	0	0	12	/5/parval23
None	5	4096	8983	2	/5/par24
None	0	0	2	0	/5/parname24
None	2	0	0	0	@tp
None	0	0	0	12	/5/parval24
None	9	5	0	0	/5/stop
None	9	3	0	0	/5/play
None	9	15	0	0	/5/cycle
None	9	7	0	0	/5/record
None	0	0	0	0	/5/time
None	0	0	0	0	/5/bar
None	9	20	0	0	/5/replace
None	9	474	0	0	/5/click
