# Every address family seen in one captured reception (EXP-REMOTE-001); digits are folded into {n}. No values.
# Generated: python3 Tools/research-scripts/remote_state.py addresses <capture>. The capture itself is not committed.
# first_frame: the frame number of the first message of the family (frames are numbered from 1 in arrival order).
# pattern	messages	distinct_addresses	formats	in_schema	first_frame
/protocolVersion	1	1	plist	no	1
/jsonSupport	1	1	plist	no	2
/libData	1	1	plist	no	3
/docOpen	4	1	json,plist	yes	4
/cs/bankLeftOffset	2	1	json	no	6
/cs/transport/bar	1	1	json	no	8
/cs/transport/time	1	1	json	no	9
/cs/mixer/automation/{n}	8	8	json	no	10
/cs/mixer/level{n}	8	8	json	no	18
/cs/mixer/masterlevel	1	1	json	no	26
/cs/mixer/mastermute	1	1	json	no	27
/cs/mixer/mastername	1	1	json	no	28
/cs/mixer/mastervolume	1	1	json	no	29
/cs/mixer/mute/{n}	8	8	json	no	30
/cs/mixer/muteactive	1	1	json	no	38
/cs/mixer/panval{n}	8	8	json	no	39
/cs/mixer/record/{n}	8	8	json	no	47
/cs/mixer/select/{n}	8	8	json	no	55
/cs/mixer/selectlabel{n}	8	8	json	no	63
/cs/mixer/sends/position{n}	64	64	json	no	71
/cs/mixer/sends/send{n}	64	64	json	no	135
/cs/mixer/sends/sendbypass{n}	64	64	json	no	199
/cs/mixer/sends/sendname{n}	64	64	json	no	263
/cs/mixer/sends/sendval{n}	64	64	json	no	327
/cs/mixer/solo/{n}	8	8	json	no	391
/cs/mixer/soloactive	1	1	json	no	399
/cs/mixer/track#{n}	8	8	json	no	400
/cs/mixer/trackname{n}	8	8	json	no	408
/cs/mixer/volume/pan{n}	8	8	json	no	416
/cs/mixer/volume/panspread{n}	8	8	json	no	424
/cs/mixer/volume/trimvolume{n}	8	8	json	no	432
/cs/mixer/volume/volume{n}	8	8	json	no	440
/cs/transport/click	1	1	json	no	448
/cs/transport/cycle	1	1	json	no	449
/cs/transport/play	1	1	json	no	450
/cs/transport/record	1	1	json	no	451
/cs/transport/stop	1	1	json	no	452
/duplicateTrack	1	1	json	no	453
/redo	1	1	json	no	454
/undo	1	1	json	no	455
/sti	2	1	plist	yes	456
/arpeggiatorEnabledState	4	1	json	no	457
/noteRepeatEnabledState	4	1	json	no	458
/noteRepeatValue	4	1	json	no	459
/spotEraseEnabledState	4	1	json	no	460
/trackSelectionStates	3	1	plist	yes	461
/selectedTrackVoiceNames	1	1	plist	no	462
/Workspace/SmartLayout	4	1	json	no	463
/noInstrumentLabel	4	1	json	no	464
/instProperties/{n}	4	1	plist	no	465
/mixer/hideRecordButtons	1	1	json	no	469
/mixer/automationEnabled	2	1	json	no	470
/hostType	1	1	json	no	472
/hostLocaleIdentifier	1	1	json	no	473
/mixer/io/inputgain/{n}	12	12	plist+mazp	no	474
/mixer/io/hasPhantomPower/{n}	12	12	plist+mazp	no	474
/mixer/io/hasHighPassFilter/{n}	12	12	plist+mazp	no	474
/mixer/io/hasPhaseInvert/{n}	12	12	plist+mazp	no	474
/mixer/plugins/slotbase/{n}	12	12	plist+mazp	no	474
/mixer/io/hasSensitivity/{n}	12	12	plist+mazp	no	474
/mixer/eq/state/{n}	12	12	plist+mazp	no	474
/mixer/io/highPassFilter/{n}	12	12	plist+mazp	no	474
/mixer/plugins/midi/{n}	12	12	plist+mazp	no	474
/mixer/io/phaseInvert/{n}	12	12	plist+mazp	no	474
/mixer/gainreduction/state/{n}	12	12	plist+mazp	no	474
/mixer/io/sensitivity/{n}	12	12	plist+mazp	no	474
/mixer/io/inputname/{n}	12	12	plist+mazp	no	474
/mixer/io/outputname/{n}	12	12	plist+mazp	no	474
/mixer/plugins/audio/{n}	12	12	plist+mazp	no	474
/mixer/io/phantomPower/{n}	12	12	plist+mazp	no	474
/mixer/eq/path/{n}	3	3	plist+mazp	no	474
/allTrackCount	2	1	json	yes	475
/trackCount	2	1	json	yes	476
/mixerLevels/resetAll	1	1	json	no	477
/bankNavigator/trackLevels/resetAll	1	1	json	no	478
/ati	2	1	plist+mazp	yes	479
/gtFaderData	1	1	archive+mazp	yes	485
/undoLabel	2	1	json	no	488
/redoLabel	2	1	json	no	489
/markerList	2	1	plist	no	491
/transport/sync	1	1	json	no	493
/globalSignatureFormat	1	1	plist	no	494
/signatureList	1	1	plist	no	495
/logicClock/locator	1	1	json	no	496
/transport/stopButtonState	2	1	json	yes	497
/transport/clickWhileRecording	2	1	json	yes	498
/logicKeyChange/{n}/{n}	1	1	json	no	499
/multiSignKey	1	1	json	no	500
/logicClock/songLength	1	1	json	no	501
/rulerType	1	1	json	no	502
/logicClock/spl	1	1	json	yes	503
/logicClock/currentTempo	1	1	json	yes	504
/multiTempo	1	1	json	yes	505
/keyCommand/currentLogicLocale	1	1	json	no	506
/tron/loops/setPreviewVolume	1	1	json	no	507
/userLevelChanged	1	1	json	no	508
/levelMeterScaleType	1	1	json	no	509
/mixer/dim	1	1	json	no	510
/songSettings	1	1	json	no	521
/userInteractionID	1	1	json	no	522
/transport/headerState	1	1	json	yes	524
/transport/playButtonFlags	1	1	json	yes	526
/dismissAlert	1	1	json	no	527
/ltpOrChordTrainerActive	1	1	json	no	530
/mixer/recallSoloState	1	1	json	no	531
/mixer/peakHoldTime	1	1	json	no	532
/mixer/returnSpeed	1	1	json	no	533
/colorIndexMap	1	1	archive+mazp	no	534
/logicSide/tronFlags	1	1	json	no	535
/logicSide/tronGridFocus	1	1	json	no	536
/logicSide/abacusSelection	1	1	json	no	537
/sendsOnFaderChanged	1	1	json	no	538
/newTrackSheetOpen	1	1	json	no	539
/mixerLevels	1800	1	json	no	542
/bankNavigator/trackLevels	1800	1	json	no	543
/mixer/gainReductionData	1800	1	json	no	544
