id	program	critical_anchors	summary_ja	summary_en	limits_ja	limits_en	runtime_verified	product_capability
P024-N01	Logic.arm64	0xbc45fc,0xbc4600,0xbcbf80,0xbcbf84,0xbcbfd0,0xbcbfd4,0xbcbfdc,0xbcbfe0,0xbcc794,0xbcc7d4	読込実装ごとの出力初期化と書込み。	Base manager body returns1 without pointee writes; concrete CLgDocManager initializes nonnil usedAutoSave byte0/error nil, later may write a flow flag/error. Effective getter receiver/implementation remains unknown.	実receiver・実dispatch・flagの意味は未確認。	Effective runtime receiver, native decoding/failure, full format and product capability unverified.	false	false
P024-N02	Logic.arm64	0xbcbff4,0xbcbffc,0xbcc004,0xbcc02c,0xbcc040,0xbcc064,0xbcc074,0xbcc084,0xbcc098,0xbcc0a8,0xbcc1c4,0xbcc218	4つのLE32を比較。専用曲の保存済み先頭は1値に一致。	NSData URL load options2; length>=4 gates raw LE32 read. Four comparison constants route to recognized handling: abc04713, abc04723,2347c0ab,1347c0ab. Separate saved022 prefix2347c0ab yields abc04723. No successful native load or full format/schema proof.	schema・実読込成功・未保存状態は未確認。	Effective runtime receiver, native decoding/failure, full format and product capability unverified.	false	false
P024-N03	Logic.arm64	0xbcc228,0xbcc238,0xbcc23c,0xbcc240,0xbcc248,0xbcc24c,0xbcc250,0xbcc254,0xbcc258,0xbcc260,0xbcc264,0xbcc27c,0xbcc280	converter返値と実converted objectでデータを選択。	Recognized data reaches legacy-converter selector with actual bytes/length, zero-initialized converted-data local and original error output. w28=0 continues original data; nonzero with nil converted result fails; nonzero with result replaces x20 data and clears flow flag. Converter body/return contract unverified.	converter本文・広い返値契約は未読。	Effective runtime receiver, native decoding/failure, full format and product capability unverified.	false	false
P024-N04	Logic.arm64	0xbcc2a0,0xbcc374,0xbcc378,0xbcc37c,0xbcc380,0xbcc384,0xbcc38c,0xbcc3f0,0xbcc3f4,0xbcc3f8,0xbcc430,0xbcc434,0xbcc43c	bytes+6の64bit比較とbytes+22のhelper。range引数は22/0。	Selected data bytes+6 supplies LE64 compared to09be0d7ddcea4ef4. Equal branch passes getBytes:range: x3=22,x4=0, then calls unread013517d0 with bytes+22,length-22. No 22-byte copy claim: ABI range is location22,length0. Field meaning/layout, helper decode, malformed input and native failure unverified.	fieldの意味・malformed入力・実decodeは未確認。	Effective runtime receiver, native decoding/failure, full format and product capability unverified.	false	false
P024-N05	Logic.arm64	0xbcc2f8,0xbcc2fc,0xbcc338,0xbcc348,0xbcc7b8,0xbcc7d4	readerは内部object状態とerrorを更新する経路がある。	Reader may call native helper01584ae8, replace object state and write errors; not a pure header probe. Helpers, runtime receiver, autosave flag meaning, roundtrip/Undo/product capability remain unverified.	純粋なheader probe・実機capabilityは未確認。	Effective runtime receiver, native decoding/failure, full format and product capability unverified.	false	false
P024-PATH-01	Logic.arm64	0x15e9a8c,0x15e9a90,0x15e9a98,0x15e9a9c,0x15e9aa0,0x15e9ac4,0x15e9ad4,0x15e9adc,0x15e9ae0	flagを無条件に0へ。入力pathがdirectoryであることを確認。	Original x2 is preserved in x24; original x1 flag address in x22; retained original x0 path in x19. Initialize isDirectory byte [sp+0x2e]=0 and unconditionally write0 through x22. fileExistsAtPath:isDirectory: receives x2=x19 and x3=&byte2e. Zero w21 existence or an output byte other than exactly1 takes the nil-return branch. Entry flag clear has no null-pointer guard.	書込み可能flag pointerが必要。実機の失敗・所有権は未確認。	Caller must supply a writable flag byte. Early gate failure leaves the function-written flag0. Runtime existence/type output, exceptions and complete ownership are unverified.	false	false
P024-PATH-02	Logic.arm64	0x15e9b18,0x15e9b34,0x15e9b38,0x15e9b4c,0x15e9b50,0x15e9b54,0x15e9b5c,0x15e9b60,0x15e9b64,0x15e9b68	logicx/band/gridを比較。負variant時はhelperの実返値を使用。	Lowercased extension actual return is retained in x27. Compare with verified logicx selects the variant route by lowbit1; compare with band selects it by nonzero w0. Original x24 signbit63 clear forwards the full original variant value. If set, call015ea320 with original path x0=x19. Returned w0 signbit31 set returnsnil; otherwise mov w24,w0 zero-extends the actual returned32-bit value into x24. C incorrectly appears to reuse the original path as that helper result.	variant/helper本文・数値encodingは未確認。	015ea320 body, variant encoding/meaning/range and native extension dispatch are unread. Nonnegative original variant remains full64-bit. Negative helper-result nil branch leaves flag0; it does not set a general failure flag.	false	false
P024-PATH-03	Logic.arm64	0x15e9b90,0x15e9b94,0x15e9b98,0x15e9b9c,0x15e9ba0,0x15e9ba4,0x15e9bb0,0x15e9bd8,0x15e9d00,0x15e9d30,0x15ea0c4,0x15ea0dc,0x15ea0f0,0x15ea100	実variant baseへProjectDataを追加。generic成分はimport変数。	Variant route sends pathForVariant:baseURL:acceptMissing: to bound ProjectInformation with x2=selected variant, x3=actual NSURL.fileURLWithPath: return, w4=0. Actual returned base is retained in x24; append verified uppercase ProjectData to that base. The grid extension route uses the same selector with x2=0. If logicx/band/grid routes all fail, append the object dereferenced through imported _kDocDirName_LgDoc slot0x2287a70 to original path, preserve that actual return as base, then append the object dereferenced through _kDocFileName_documentData slot0x2287a80. Common flow preserves actual base in x19 and actual regular candidate in x23.	helper・import変数の実値・実pathは未確認。	pathForVariant:baseURL:acceptMissing: implementation and runtime class/path type are unread. Imported variable names are verified; their loaded component values are unknown. No nil gate precedes construction and no native ProjectData parsing/acceptance follows from these names.	false	false
P024-PATH-04	Logic.arm64	0x15e9c0c,0x15e9c10,0x15e9c20,0x15e9c2c,0x15e9c44,0x15e9c48,0x15e9c4c,0x15e9c5c,0x15e9c60	同じbaseへdocumentData_lowmem。存在だけを確認。	Common flow retains regular candidate in x23, initializes byte[sp+0x2f]=0, and appends verified documentData_lowmem to actual base x19 to produce candidate x21. fileExistsAtPath:isDirectory: receives x2=x21 and x3=&byte2f. Initialize chosen x28=regular x23. Zero w24 existence bypasses the modal block and keeps regular. The low-memory isDirectory byte is never read; this branch tests existence only.	この候補チェックはdirectory byteを検査しない。実到達は未確認。	A directory is not locally rejected by this candidate check. Actual candidate existence/type, native method acceptance and whether a modal block is reached at runtime are unverified.	false	false
P024-PATH-05	Logic.arm64	0x15e9af4,0x15e9c00,0x15e9d9c,0x15e9da0,0x15e9da4,0x15e9e30,0x15e9e88,0x15e9ee0,0x15e9f3c,0x15e9f48,0x15e9f7c,0x15e9f80	実NSAlert receiverとbasenameのvariadic引数。	Call labeled _objc_opt_new consumes the verified NSAlert class slot; actual return x0 is preserved in x27 as receiver for message/button/informative setters and runModal. Localization calls use actual009eaafc return as receiver. Add button titles in source order Open auto-saved data, Cancel, Open regular data. The retained lastPathComponent result saved at[sp+0x20] is loaded and stored at[sp] for variadic stringWithFormat:, whose localized UTF16-le source has %@. C omits that argument and misrepresents returned object receivers.	実表示・localized label・native割当失敗・所有権は未確認。	009eaafc and native allocation/formatting implementations are unread. CF source titles and selectors are verified; actual localized labels, display, button-return mapping, basename value, allocation failure and complete ownership are not verified. No private basename value is emitted.	false	false
P024-PATH-06	Logic.arm64	0x15e9f84,0x15e9f8c,0x15e9f90,0x15e9f98,0x15e9f9c,0x15e9fa0,0x15e9fa8,0x15e9fac,0x15e9fb4,0x15e9fbc	modal数値1001→nil、1002→通常、他→低メモリ候補。	Actual runModal return x0 is saved in x20 across call00579e1c. Compare x20 to1001 (0x3e9): equal sets chosen x28=nil. Otherwise initialize chosen x28=regular x23 and compare to1002 (0x3ea): equal keeps regular. Every other result retains actual low-memory candidate x21 and stores that returned object in x28.	button/enumの実契約は未確認。	Numeric modal enum meanings and actual displayed choice remain unverified; source button order alone is not a native return contract. Unexpected responses also select low-memory; no exhaustive three-result validation appears here.00579e1c body remains unread.	false	false
P024-PATH-07	Logic.arm64	0x15ea018,0x15ea030,0x15ea034,0x15ea038,0x15ea03c,0x15ea048,0x15ea054,0x15ea068,0x15ea06c,0x15ea07c,0x15ea098,0x15ea0b8	選択候補nilだけflag1。最終不在/directoryはnil/flag0。	Chosen x28=nil before the final file check sets x20=nil and writes byte1 through original x22 flag address. For nonnil candidate, final fileExistsAtPath:isDirectory: receives x2=x28,x3=&byte2e; its result then overwrites x22. Zero w22 returnsnil without flag1. Nonzero existence returns selected x28 only when byte2e equals0; a nonzero directory byte selectsnil and releases candidate. Return x20 via x0 and tail-branch to _objc_autoreleaseReturnValue. Initial invalid input and negative variant-helper result also returnnil with body-written flag0.	実path・native失敗・flagの意味は未確認。	Flag1 semantic name is unknown and it is not a general failure flag. Final byte2e is reused without reinitialization and relies on callee output. Runtime path/type/output, native exceptions, full ownership and actual selected URL remain unverified.	false	false
P024-PATH-08	Logic.arm64	0x15e9c70,0x15e9c74,0x15e9c7c,0x15e9c90,0x15e9cb4,0x15e9cbc,0x15e9cc4,0x15e9cd4,0x15e9d90,0x15e9fdc,0x15e9fe4,0x15e9fe8	modal前後でcounter/global/buffer操作。	When low-memory candidate exists,32-bit counter0x26236c8 is incremented and later decremented. Global0x276de68 is loaded as saved x28 and conditionally cleared; saved x28 is later passed to00579e1c. The byte span between pointers at0x2633be0/+8 is copied to an allocated buffer when nonzero; a negative span branches to0018e730. Global pointer+8 is reset to base before modal construction; the temporary buffer is conditionally deleted afterward. Guard paths/callback registration occur within this1824B body.	globalの意味・完全復元・例外は未確認。	Global meanings, allocation/error handling and native guard/callback binding details remain unknown. State-helper, destructor00579de8 and failure-helper0018e730 bodies are unread. These stores/calls are static potential effects, not executed mutations or proof of complete restoration/runtime modal activity.	false	false
