# Logic 12.3.1 (6682) MCU fader calibration, strip 1 (track 1 'Piano', software instrument).
# Source: EXP-MCU-009 sweep, Research/raw/20261001-133000-mcu-auto/mcu.log, Tools/packet-analyzer/mcu_log.py --sweep.
# sent = 14-bit pitchbend written by the probe (touch on, value, touch off); echo = value Logic sent back;
# lcd = strip-1 lower LCD after the step. Empty echo = Logic sent nothing (value clamped above +6.0 dB).
sent	echo	strip1_lower_lcd
0	0	-oo dB
256	255	-67.6 d
512	504	-59.5 d
768	766	-56.9 d
1024	1022	-54.7 d
1280	1276	-52.0 d
1536	1531	-49.3 d
1792	1785	-47.2 d
2048	2047	-44.8 d
2304	2296	-42.4 d
2560	2552	-40.1 d
2816	2807	-37.4 d
3072	3058	-35.0 d
3328	3322	-33.7 d
3584	3583	-32.4 d
3840	3837	-30.9 d
4096	4092	-29.2 d
4352	4347	-27.2 d
4608	4604	-25.4 d
4864	4857	-23.7 d
5120	5110	-21.6 d
5376	5364	-19.7 d
5632	5628	-18.6 d
5888	5869	-17.6 d
6144	6135	-16.5 d
6400	6390	-15.4 d
6656	6635	-14.3 d
6912	6892	-13.2 d
7168	7154	-12.1 d
7424	7411	-10.9 d
7680	7660	-9.9 dB
7936	7892	-9.5 dB
8192	8178	-9.0 dB
8448	8403	-8.6 dB
8704	8683	-8.1 dB
8960	8906	-7.7 dB
9216	9186	-7.2 dB
9472	9467	-6.7 dB
9728	9699	-6.3 dB
9984	9932	-5.9 dB
10240	10220	-5.4 dB
10496	10490	-4.9 dB
10752	10729	-4.3 dB
11008	11009	-3.6 dB
11264	11248	-3.0 dB
11520	11487	-2.4 dB
11776	11766	-1.7 dB
12032	12004	-1.1 dB
12288	12283	-0.4 dB
12544	12523	+0.2 dB
12800	12765	+0.8 dB
13056	13048	+1.5 dB
13312	13290	+2.1 dB
13568	13532	+2.7 dB
13824	13815	+3.4 dB
14080	14057	+4.0 dB
14336	14299	+4.6 dB
14592	14576	+5.3 dB
14848	14845	+6.0 dB
15104		
15360		
15616		
15872		
16128		
16383		0
