# Local SDK source: CoreServices/AE.framework/Headers/{AppleEvents.h,AEDataModel.h}; usr/include/MacTypes.h
# OSErr=2 bytes, DescType/AEKeyword=4 bytes, Size=8 bytes, SRefCon=8 bytes; AEDesc=12 bytes under pack(2)
01aeca40	OSErr _AEInstallEventHandler(uint eventClass, uint eventID, AEEventHandlerProcPtr * handler, SRefCon handlerRefcon, uchar isSystemHandler)
01aeca58	OSErr _AESizeOfParam(AppleEvent * event, AEKeyword keyword, DescType * actualType, Size * dataSize)
01aeca34	OSErr _AEGetParamPtr(AppleEvent * event, AEKeyword keyword, DescType desiredType, DescType * actualType, void * data, Size maximumSize, Size * actualSize)
01aeca4c	OSErr _AEPutParamPtr(AppleEvent * reply, AEKeyword keyword, DescType type, void * data, Size dataSize)
00109c4c	void * _malloc(ulonglong size)
01af3430	void * _malloc(ulonglong size)
00109c50	void _free(void * allocation)
01af3208	void _free(void * allocation)
01af2dc4	int ___cxa_guard_acquire(void * guard)
01af2dd0	void ___cxa_guard_release(void * guard)
01af2d7c	int ___cxa_atexit(void * destructor, void * object, void * dso)
01aed28c	void * _CFStringCreateWithCharacters(void * allocator, void * characters, Size count)
01aed268	void * _CFStringCreateWithBytes(void * allocator, void * bytes, Size count, uint encoding, uchar externalRepresentation)
01aed100	void _CFRelease(void * object)
01aed31c	Size _CFStringGetLength(void * string)
01aed334	Size _CFStringGetMaximumSizeForEncoding(Size length, uint encoding)
01aed2c8	Size _CFStringGetBytes(void * string, Size rangeLocation, Size rangeLength, uint encoding, uchar lossByte, uchar externalRepresentation, void * buffer, Size maxLength, Size * usedLength)
01aed340	uchar _CFStringGetPascalString(void * string, void * buffer, Size bufferSize, uint encoding)
01aed34c	uint _CFStringGetSystemEncoding(void)
00590e30	OSErr FUN_00590e30(AppleEvent * event, AppleEvent * reply, SRefCon handlerRefcon)
00591d08	void FUN_00591d08(void)
008663d4	void FUN_008663d4(short command, void * ownerState, uint arg2, uint source, void * arg4)
01af1c90	void CFileRef(void * thisObject)
003b1c58	int FUN_003b1c58(void * song)
01079a2c	void * FUN_01079a2c(void * song, int value)
019ae630	void * FUN_019ae630(void * song, int kind, uint index, uint flags)
010e3628	int FUN_010e3628(void * song, longlong value, uint flags)
